# OBJ generated by ONSHAPE BY PTC INC, 1.204 Units = meters
mtllib Plate - FRM_BASE_10T.mtl
g FRM_BASE_10T
v -0.00800286 0.01 -0.106619 
v -0.008 0.01 -0.10675 
v -0.008 0.006 -0.10675 
v -0.00801142 0.01 -0.106489 
v -0.00800286 0.006 -0.106619 
v -0.00802567 0.01 -0.106358 
v -0.00801142 0.006 -0.106489 
v -0.00804558 0.01 -0.106229 
v -0.00802567 0.006 -0.106358 
v -0.00807111 0.01 -0.106101 
v -0.00804558 0.006 -0.106229 
v -0.00810222 0.01 -0.105974 
v -0.00807111 0.006 -0.106101 
v -0.00813885 0.01 -0.105848 
v -0.00810222 0.006 -0.105974 
v -0.00818092 0.01 -0.105724 
v -0.00813885 0.006 -0.105848 
v -0.00822836 0.01 -0.105602 
v -0.00818092 0.006 -0.105724 
v -0.00828108 0.01 -0.105482 
v -0.00822836 0.006 -0.105602 
v -0.00833897 0.01 -0.105365 
v -0.00828108 0.006 -0.105482 
v -0.00840192 0.01 -0.10525 
v -0.00833897 0.006 -0.105365 
v -0.00846983 0.01 -0.105138 
v -0.00840192 0.006 -0.10525 
v -0.00854254 0.01 -0.105029 
v -0.00846983 0.006 -0.105138 
v -0.00861994 0.01 -0.104924 
v -0.00854254 0.006 -0.105029 
v -0.00870187 0.01 -0.104822 
v -0.00861994 0.006 -0.104924 
v -0.00878817 0.01 -0.104723 
v -0.00870187 0.006 -0.104822 
v -0.00887868 0.01 -0.104629 
v -0.00878817 0.006 -0.104723 
v -0.00897323 0.01 -0.104538 
v -0.00887868 0.006 -0.104629 
v -0.00907164 0.01 -0.104452 
v -0.00897323 0.006 -0.104538 
v -0.00917372 0.01 -0.10437 
v -0.00907164 0.006 -0.104452 
v -0.00927927 0.01 -0.104293 
v -0.00917372 0.006 -0.10437 
v -0.0093881 0.01 -0.10422 
v -0.00927927 0.006 -0.104293 
v -0.0095 0.01 -0.104152 
v -0.0093881 0.006 -0.10422 
v -0.00961475 0.01 -0.104089 
v -0.0095 0.006 -0.104152 
v -0.00973215 0.01 -0.104031 
v -0.00961475 0.006 -0.104089 
v -0.00985195 0.01 -0.103978 
v -0.00973215 0.006 -0.104031 
v -0.00997394 0.01 -0.103931 
v -0.00985195 0.006 -0.103978 
v -0.0100979 0.01 -0.103889 
v -0.00997394 0.006 -0.103931 
v -0.0102235 0.01 -0.103852 
v -0.0100979 0.006 -0.103889 
v -0.0103507 0.01 -0.103821 
v -0.0102235 0.006 -0.103852 
v -0.0104791 0.01 -0.103796 
v -0.0103507 0.006 -0.103821 
v -0.0106084 0.01 -0.103776 
v -0.0104791 0.006 -0.103796 
v -0.0107385 0.01 -0.103761 
v -0.0106084 0.006 -0.103776 
v -0.0108691 0.01 -0.103753 
v -0.0107385 0.006 -0.103761 
v -0.011 0.01 -0.10375 
v -0.0108691 0.006 -0.103753 
v -0.0111309 0.01 -0.103753 
v -0.011 0.006 -0.10375 
v -0.0112615 0.01 -0.103761 
v -0.0111309 0.006 -0.103753 
v -0.0113916 0.01 -0.103776 
v -0.0112615 0.006 -0.103761 
v -0.0115209 0.01 -0.103796 
v -0.0113916 0.006 -0.103776 
v -0.0116493 0.01 -0.103821 
v -0.0115209 0.006 -0.103796 
v -0.0117765 0.01 -0.103852 
v -0.0116493 0.006 -0.103821 
v -0.0119021 0.01 -0.103889 
v -0.0117765 0.006 -0.103852 
v -0.0120261 0.01 -0.103931 
v -0.0119021 0.006 -0.103889 
v -0.0121481 0.01 -0.103978 
v -0.0120261 0.006 -0.103931 
v -0.0122679 0.01 -0.104031 
v -0.0121481 0.006 -0.103978 
v -0.0123852 0.01 -0.104089 
v -0.0122679 0.006 -0.104031 
v -0.0125 0.01 -0.104152 
v -0.0123852 0.006 -0.104089 
v -0.0126119 0.01 -0.10422 
v -0.0125 0.006 -0.104152 
v -0.0127207 0.01 -0.104293 
v -0.0126119 0.006 -0.10422 
v -0.0128263 0.01 -0.10437 
v -0.0127207 0.006 -0.104293 
v -0.0129284 0.01 -0.104452 
v -0.0128263 0.006 -0.10437 
v -0.0130268 0.01 -0.104538 
v -0.0129284 0.006 -0.104452 
v -0.0131213 0.01 -0.104629 
v -0.0130268 0.006 -0.104538 
v -0.0132118 0.01 -0.104723 
v -0.0131213 0.006 -0.104629 
v -0.0132981 0.01 -0.104822 
v -0.0132118 0.006 -0.104723 
v -0.0133801 0.01 -0.104924 
v -0.0132981 0.006 -0.104822 
v -0.0134575 0.01 -0.105029 
v -0.0133801 0.006 -0.104924 
v -0.0135302 0.01 -0.105138 
v -0.0134575 0.006 -0.105029 
v -0.0135981 0.01 -0.10525 
v -0.0135302 0.006 -0.105138 
v -0.013661 0.01 -0.105365 
v -0.0135981 0.006 -0.10525 
v -0.0137189 0.01 -0.105482 
v -0.013661 0.006 -0.105365 
v -0.0137716 0.01 -0.105602 
v -0.0137189 0.006 -0.105482 
v -0.0138191 0.01 -0.105724 
v -0.0137716 0.006 -0.105602 
v -0.0138612 0.01 -0.105848 
v -0.0138191 0.006 -0.105724 
v -0.0138978 0.01 -0.105974 
v -0.0138612 0.006 -0.105848 
v -0.0139289 0.01 -0.106101 
v -0.0138978 0.006 -0.105974 
v -0.0139544 0.01 -0.106229 
v -0.0139289 0.006 -0.106101 
v -0.0139743 0.01 -0.106358 
v -0.0139544 0.006 -0.106229 
v -0.0139886 0.01 -0.106489 
v -0.0139743 0.006 -0.106358 
v -0.0139971 0.01 -0.106619 
v -0.0139886 0.006 -0.106489 
v -0.014 0.01 -0.10675 
v -0.0139971 0.006 -0.106619 
v -0.0139971 0.01 -0.106881 
v -0.014 0.006 -0.10675 
v -0.0139886 0.01 -0.107011 
v -0.0139971 0.006 -0.106881 
v -0.0139743 0.01 -0.107142 
v -0.0139886 0.006 -0.107011 
v -0.0139544 0.01 -0.107271 
v -0.0139743 0.006 -0.107142 
v -0.0139289 0.01 -0.107399 
v -0.0139544 0.006 -0.107271 
v -0.0138978 0.01 -0.107526 
v -0.0139289 0.006 -0.107399 
v -0.0138612 0.01 -0.107652 
v -0.0138978 0.006 -0.107526 
v -0.0138191 0.01 -0.107776 
v -0.0138612 0.006 -0.107652 
v -0.0137716 0.01 -0.107898 
v -0.0138191 0.006 -0.107776 
v -0.0137189 0.01 -0.108018 
v -0.0137716 0.006 -0.107898 
v -0.013661 0.01 -0.108135 
v -0.0137189 0.006 -0.108018 
v -0.0135981 0.01 -0.10825 
v -0.013661 0.006 -0.108135 
v -0.0135302 0.01 -0.108362 
v -0.0135981 0.006 -0.10825 
v -0.0134575 0.01 -0.108471 
v -0.0135302 0.006 -0.108362 
v -0.0133801 0.01 -0.108576 
v -0.0134575 0.006 -0.108471 
v -0.0132981 0.01 -0.108678 
v -0.0133801 0.006 -0.108576 
v -0.0132118 0.01 -0.108777 
v -0.0132981 0.006 -0.108678 
v -0.0131213 0.01 -0.108871 
v -0.0132118 0.006 -0.108777 
v -0.0130268 0.01 -0.108962 
v -0.0131213 0.006 -0.108871 
v -0.0129284 0.01 -0.109048 
v -0.0130268 0.006 -0.108962 
v -0.0128263 0.01 -0.10913 
v -0.0129284 0.006 -0.109048 
v -0.0127207 0.01 -0.109207 
v -0.0128263 0.006 -0.10913 
v -0.0126119 0.01 -0.10928 
v -0.0127207 0.006 -0.109207 
v -0.0125 0.01 -0.109348 
v -0.0126119 0.006 -0.10928 
v -0.0123852 0.01 -0.109411 
v -0.0125 0.006 -0.109348 
v -0.0122679 0.01 -0.109469 
v -0.0123852 0.006 -0.109411 
v -0.0121481 0.01 -0.109522 
v -0.0122679 0.006 -0.109469 
v -0.0120261 0.01 -0.109569 
v -0.0121481 0.006 -0.109522 
v -0.0119021 0.01 -0.109611 
v -0.0120261 0.006 -0.109569 
v -0.0117765 0.01 -0.109648 
v -0.0119021 0.006 -0.109611 
v -0.0116493 0.01 -0.109679 
v -0.0117765 0.006 -0.109648 
v -0.0115209 0.01 -0.109704 
v -0.0116493 0.006 -0.109679 
v -0.0113916 0.01 -0.109724 
v -0.0115209 0.006 -0.109704 
v -0.0112615 0.01 -0.109739 
v -0.0113916 0.006 -0.109724 
v -0.0111309 0.01 -0.109747 
v -0.0112615 0.006 -0.109739 
v -0.011 0.01 -0.10975 
v -0.0111309 0.006 -0.109747 
v -0.0108691 0.01 -0.109747 
v -0.011 0.006 -0.10975 
v -0.0107385 0.01 -0.109739 
v -0.0108691 0.006 -0.109747 
v -0.0106084 0.01 -0.109724 
v -0.0107385 0.006 -0.109739 
v -0.0104791 0.01 -0.109704 
v -0.0106084 0.006 -0.109724 
v -0.0103507 0.01 -0.109679 
v -0.0104791 0.006 -0.109704 
v -0.0102235 0.01 -0.109648 
v -0.0103507 0.006 -0.109679 
v -0.0100979 0.01 -0.109611 
v -0.0102235 0.006 -0.109648 
v -0.00997394 0.01 -0.109569 
v -0.0100979 0.006 -0.109611 
v -0.00985195 0.01 -0.109522 
v -0.00997394 0.006 -0.109569 
v -0.00973215 0.01 -0.109469 
v -0.00985195 0.006 -0.109522 
v -0.00961475 0.01 -0.109411 
v -0.00973215 0.006 -0.109469 
v -0.0095 0.01 -0.109348 
v -0.00961475 0.006 -0.109411 
v -0.0093881 0.01 -0.10928 
v -0.0095 0.006 -0.109348 
v -0.00927927 0.01 -0.109207 
v -0.0093881 0.006 -0.10928 
v -0.00917372 0.01 -0.10913 
v -0.00927927 0.006 -0.109207 
v -0.00907164 0.01 -0.109048 
v -0.00917372 0.006 -0.10913 
v -0.00897323 0.01 -0.108962 
v -0.00907164 0.006 -0.109048 
v -0.00887868 0.01 -0.108871 
v -0.00897323 0.006 -0.108962 
v -0.00878817 0.01 -0.108777 
v -0.00887868 0.006 -0.108871 
v -0.00870187 0.01 -0.108678 
v -0.00878817 0.006 -0.108777 
v -0.00861994 0.01 -0.108576 
v -0.00870187 0.006 -0.108678 
v -0.00854254 0.01 -0.108471 
v -0.00861994 0.006 -0.108576 
v -0.00846983 0.01 -0.108362 
v -0.00854254 0.006 -0.108471 
v -0.00840192 0.01 -0.10825 
v -0.00846983 0.006 -0.108362 
v -0.00833897 0.01 -0.108135 
v -0.00840192 0.006 -0.10825 
v -0.00828108 0.01 -0.108018 
v -0.00833897 0.006 -0.108135 
v -0.00822836 0.01 -0.107898 
v -0.00828108 0.006 -0.108018 
v -0.00818092 0.01 -0.107776 
v -0.00822836 0.006 -0.107898 
v -0.00813885 0.01 -0.107652 
v -0.00818092 0.006 -0.107776 
v -0.00810222 0.01 -0.107526 
v -0.00813885 0.006 -0.107652 
v -0.00807111 0.01 -0.107399 
v -0.00810222 0.006 -0.107526 
v -0.00804558 0.01 -0.107271 
v -0.00807111 0.006 -0.107399 
v -0.00802567 0.01 -0.107142 
v -0.00804558 0.006 -0.107271 
v -0.00801142 0.01 -0.107011 
v -0.00802567 0.006 -0.107142 
v -0.00800286 0.01 -0.106881 
v -0.00801142 0.006 -0.107011 
v -0.00800286 0.006 -0.106881 
v -0.0122686 0.006 -0.107212 
v -0.0122472 0.006 -0.107267 
v -0.0122875 0.006 -0.107156 
v -0.0123449 0.006 -0.106632 
v -0.0123487 0.006 -0.106691 
v -0.0123385 0.006 -0.106574 
v -0.012071 0.006 -0.107572 
v -0.0120342 0.006 -0.107618 
v -0.0121059 0.006 -0.107524 
v -0.0121386 0.006 -0.107475 
v -0.0121691 0.006 -0.107425 
v -0.012304 0.006 -0.107099 
v -0.01235 0.006 -0.10675 
v -0.0123295 0.006 -0.106516 
v -0.012318 0.006 -0.106458 
v -0.012304 0.006 -0.106401 
v -0.0122875 0.006 -0.106344 
v -0.0122686 0.006 -0.106288 
v -0.0122472 0.006 -0.106233 
v -0.0121975 0.006 -0.106127 
v -0.0121691 0.006 -0.106075 
v -0.0119953 0.006 -0.107662 
v -0.0119546 0.006 -0.107705 
v -0.0121975 0.006 -0.107373 
v -0.0122235 0.006 -0.107321 
v -0.0123295 0.006 -0.106984 
v -0.012318 0.006 -0.107042 
v -0.0123385 0.006 -0.106926 
v -0.0123449 0.006 -0.106868 
v -0.0123487 0.006 -0.106809 
v -0.0122235 0.006 -0.106179 
v -0.00973141 0.006 -0.107212 
v -0.00971248 0.006 -0.107156 
v -0.00975276 0.006 -0.107267 
v -0.0121386 0.006 -0.106025 
v -0.0121059 0.006 -0.105976 
v -0.012071 0.006 -0.105928 
v -0.0120342 0.006 -0.105882 
v -0.0119953 0.006 -0.105838 
v -0.00966155 0.006 -0.106926 
v -0.00965514 0.006 -0.106868 
v -0.00967051 0.006 -0.106984 
v -0.009696 0.006 -0.107099 
v -0.00983087 0.006 -0.107425 
v -0.00980254 0.006 -0.107373 
v -0.00986142 0.006 -0.107475 
v -0.00983087 0.006 -0.106075 
v -0.00986142 0.006 -0.106025 
v -0.00980254 0.006 -0.106127 
v -0.00973141 0.006 -0.106288 
v -0.00975276 0.006 -0.106233 
v -0.00971248 0.006 -0.106344 
v -0.009682 0.006 -0.107042 
v -0.00977648 0.006 -0.107321 
v -0.00992897 0.006 -0.107572 
v -0.00989414 0.006 -0.107524 
v -0.00996584 0.006 -0.107618 
v -0.0117254 0.006 -0.105611 
v -0.011675 0.006 -0.105581 
v -0.00977648 0.006 -0.106179 
v -0.00965128 0.006 -0.106809 
v -0.00965 0.006 -0.10675 
v -0.0100047 0.006 -0.107662 
v -0.0100454 0.006 -0.107705 
v -0.0117743 0.006 -0.105644 
v -0.0118218 0.006 -0.105679 
v -0.0116234 0.006 -0.105553 
v -0.0115705 0.006 -0.105526 
v -0.0102746 0.006 -0.105611 
v -0.010325 0.006 -0.105581 
v -0.0102257 0.006 -0.105644 
v -0.009696 0.006 -0.106401 
v -0.009682 0.006 -0.106458 
v -0.00967051 0.006 -0.106516 
v -0.00966155 0.006 -0.106574 
v -0.00965514 0.006 -0.106632 
v -0.00965128 0.006 -0.106691 
v -0.0102257 0.006 -0.107856 
v -0.0101782 0.006 -0.107821 
v -0.0102746 0.006 -0.107889 
v -0.0108238 0.006 -0.108088 
v -0.0107656 0.006 -0.108079 
v -0.0108823 0.006 -0.108095 
v -0.0111762 0.006 -0.108088 
v -0.0112344 0.006 -0.108079 
v -0.011406 0.006 -0.108038 
v -0.0113494 0.006 -0.108054 
v -0.0114617 0.006 -0.108019 
v -0.0115166 0.006 -0.107997 
v -0.0115705 0.006 -0.107974 
v -0.0119546 0.006 -0.105795 
v -0.011912 0.006 -0.105755 
v -0.0118678 0.006 -0.105716 
v -0.0115166 0.006 -0.105503 
v -0.0114617 0.006 -0.105481 
v -0.011406 0.006 -0.105462 
v -0.0113494 0.006 -0.105446 
v -0.0103766 0.006 -0.105553 
v -0.0104295 0.006 -0.105526 
v -0.0101782 0.006 -0.105679 
v -0.00996584 0.006 -0.105882 
v -0.0100047 0.006 -0.105838 
v -0.00992897 0.006 -0.105928 
v -0.00989414 0.006 -0.105976 
v -0.010088 0.006 -0.107745 
v -0.010325 0.006 -0.107919 
v -0.0103766 0.006 -0.107947 
v -0.0104295 0.006 -0.107974 
v -0.0104834 0.006 -0.107997 
v -0.0105383 0.006 -0.108019 
v -0.010594 0.006 -0.108038 
v -0.0106506 0.006 -0.108054 
v -0.0107078 0.006 -0.108068 
v -0.0109411 0.006 -0.108099 
v -0.011 0.006 -0.1081 
v -0.0110589 0.006 -0.108099 
v -0.0111177 0.006 -0.108095 
v -0.0112922 0.006 -0.108068 
v -0.0116234 0.006 -0.107947 
v -0.011675 0.006 -0.107919 
v -0.0117254 0.006 -0.107889 
v -0.0117743 0.006 -0.107856 
v -0.0118678 0.006 -0.107784 
v -0.0118218 0.006 -0.107821 
v -0.011912 0.006 -0.107745 
v -0.0111762 0.006 -0.105412 
v -0.0112344 0.006 -0.105421 
v -0.0111177 0.006 -0.105405 
v -0.0108238 0.006 -0.105412 
v -0.0108823 0.006 -0.105405 
v -0.0107656 0.006 -0.105421 
v -0.010594 0.006 -0.105462 
v -0.0106506 0.006 -0.105446 
v -0.0105383 0.006 -0.105481 
v -0.0104834 0.006 -0.105503 
v -0.0101322 0.006 -0.105716 
v -0.010088 0.006 -0.105755 
v -0.0101322 0.006 -0.107784 
v -0.0112922 0.006 -0.105432 
v -0.0110589 0.006 -0.105401 
v -0.011 0.006 -0.1054 
v -0.0109411 0.006 -0.105401 
v -0.0107078 0.006 -0.105432 
v -0.0100454 0.006 -0.105795 
v -0.01235 0 -0.10675 
v -0.0123487 0 -0.106809 
v -0.0123449 0 -0.106868 
v -0.0123385 0 -0.106926 
v -0.0123295 0 -0.106984 
v -0.012318 0 -0.107042 
v -0.012304 0 -0.107099 
v -0.0122875 0 -0.107156 
v -0.0122686 0 -0.107212 
v -0.0122472 0 -0.107267 
v -0.0122235 0 -0.107321 
v -0.0121975 0 -0.107373 
v -0.0121691 0 -0.107425 
v -0.0121386 0 -0.107475 
v -0.0121059 0 -0.107524 
v -0.012071 0 -0.107572 
v -0.0120342 0 -0.107618 
v -0.0119953 0 -0.107662 
v -0.0119546 0 -0.107705 
v -0.011912 0 -0.107745 
v -0.0118678 0 -0.107784 
v -0.0118218 0 -0.107821 
v -0.0117743 0 -0.107856 
v -0.0117254 0 -0.107889 
v -0.011675 0 -0.107919 
v -0.0116234 0 -0.107947 
v -0.0115705 0 -0.107974 
v -0.0115166 0 -0.107997 
v -0.0114617 0 -0.108019 
v -0.011406 0 -0.108038 
v -0.0113494 0 -0.108054 
v -0.0112922 0 -0.108068 
v -0.0112344 0 -0.108079 
v -0.0111762 0 -0.108088 
v -0.0111177 0 -0.108095 
v -0.0110589 0 -0.108099 
v -0.011 0 -0.1081 
v -0.0109411 0 -0.108099 
v -0.0108823 0 -0.108095 
v -0.0108238 0 -0.108088 
v -0.0107656 0 -0.108079 
v -0.0107078 0 -0.108068 
v -0.0106506 0 -0.108054 
v -0.010594 0 -0.108038 
v -0.0105383 0 -0.108019 
v -0.0104834 0 -0.107997 
v -0.0104295 0 -0.107974 
v -0.0103766 0 -0.107947 
v -0.010325 0 -0.107919 
v -0.0102746 0 -0.107889 
v -0.0102257 0 -0.107856 
v -0.0101782 0 -0.107821 
v -0.0101322 0 -0.107784 
v -0.010088 0 -0.107745 
v -0.0100454 0 -0.107705 
v -0.0100047 0 -0.107662 
v -0.00996584 0 -0.107618 
v -0.00992897 0 -0.107572 
v -0.00989414 0 -0.107524 
v -0.00986142 0 -0.107475 
v -0.00983087 0 -0.107425 
v -0.00980254 0 -0.107373 
v -0.00977648 0 -0.107321 
v -0.00975276 0 -0.107267 
v -0.00973141 0 -0.107212 
v -0.00971248 0 -0.107156 
v -0.009696 0 -0.107099 
v -0.009682 0 -0.107042 
v -0.00967051 0 -0.106984 
v -0.00966155 0 -0.106926 
v -0.00965514 0 -0.106868 
v -0.00965128 0 -0.106809 
v -0.00965 0 -0.10675 
v -0.00965128 0 -0.106691 
v -0.00965514 0 -0.106632 
v -0.00966155 0 -0.106574 
v -0.00967051 0 -0.106516 
v -0.009682 0 -0.106458 
v -0.009696 0 -0.106401 
v -0.00971248 0 -0.106344 
v -0.00973141 0 -0.106288 
v -0.00975276 0 -0.106233 
v -0.00977648 0 -0.106179 
v -0.00980254 0 -0.106127 
v -0.00983087 0 -0.106075 
v -0.00986142 0 -0.106025 
v -0.00989414 0 -0.105976 
v -0.00992897 0 -0.105928 
v -0.00996584 0 -0.105882 
v -0.0100047 0 -0.105838 
v -0.0100454 0 -0.105795 
v -0.010088 0 -0.105755 
v -0.0101322 0 -0.105716 
v -0.0101782 0 -0.105679 
v -0.0102257 0 -0.105644 
v -0.0102746 0 -0.105611 
v -0.010325 0 -0.105581 
v -0.0103766 0 -0.105553 
v -0.0104295 0 -0.105526 
v -0.0104834 0 -0.105503 
v -0.0105383 0 -0.105481 
v -0.010594 0 -0.105462 
v -0.0106506 0 -0.105446 
v -0.0107078 0 -0.105432 
v -0.0107656 0 -0.105421 
v -0.0108238 0 -0.105412 
v -0.0108823 0 -0.105405 
v -0.0109411 0 -0.105401 
v -0.011 0 -0.1054 
v -0.0110589 0 -0.105401 
v -0.0111177 0 -0.105405 
v -0.0111762 0 -0.105412 
v -0.0112344 0 -0.105421 
v -0.0112922 0 -0.105432 
v -0.0113494 0 -0.105446 
v -0.011406 0 -0.105462 
v -0.0114617 0 -0.105481 
v -0.0115166 0 -0.105503 
v -0.0115705 0 -0.105526 
v -0.0116234 0 -0.105553 
v -0.011675 0 -0.105581 
v -0.0117254 0 -0.105611 
v -0.0117743 0 -0.105644 
v -0.0118218 0 -0.105679 
v -0.0118678 0 -0.105716 
v -0.011912 0 -0.105755 
v -0.0119546 0 -0.105795 
v -0.0119953 0 -0.105838 
v -0.0120342 0 -0.105882 
v -0.012071 0 -0.105928 
v -0.0121059 0 -0.105976 
v -0.0121386 0 -0.106025 
v -0.0121691 0 -0.106075 
v -0.0121975 0 -0.106127 
v -0.0122235 0 -0.106179 
v -0.0122472 0 -0.106233 
v -0.0122686 0 -0.106288 
v -0.0122875 0 -0.106344 
v -0.012304 0 -0.106401 
v -0.012318 0 -0.106458 
v -0.0123295 0 -0.106516 
v -0.0123385 0 -0.106574 
v -0.0123449 0 -0.106632 
v -0.0123487 0 -0.106691 
v 0.00980254 0 -0.106127 
v 0.00986142 0 -0.106025 
v 0.00989414 0 -0.105976 
v -0.145 0 0.15 
v -0.012318 0 -0.147042 
v -0.0123295 0 -0.146984 
v 0.15 0 -0.145 
v 0.0122472 0 -0.106233 
v 0.0122686 0 -0.106288 
v 0.0121386 0 -0.106025 
v 0.0121691 0 -0.106075 
v 0.00992897 0 -0.105928 
v -0.012304 0 -0.147099 
v -0.0122686 0 -0.147212 
v -0.0122875 0 -0.147156 
v 0.0122235 0 -0.106179 
v 0.0121975 0 -0.106127 
v 0.00996584 0 -0.105882 
v 0.00983087 0 -0.106075 
v -0.0123385 0 -0.146926 
v -0.0123449 0 -0.146868 
v 0.0122875 0 -0.106344 
v 0.012304 0 -0.106401 
v 0.011675 0 -0.105581 
v 0.0117254 0 -0.105611 
v -0.0105383 0 -0.145481 
v -0.0122235 0 -0.147321 
v -0.0122472 0 -0.147267 
v 0.00975276 0 -0.107267 
v 0.00973141 0 -0.107212 
v 0.0106506 0 -0.108054 
v -0.00983087 0 -0.146075 
v -0.00980254 0 -0.146127 
v -0.0114617 0 -0.145481 
v 0.012071 0 -0.105928 
v 0.0121059 0 -0.105976 
v 0.0119953 0 -0.105838 
v 0.0120342 0 -0.105882 
v 0.0117743 0 -0.105644 
v 0.0115705 0 -0.105526 
v 0.0116234 0 -0.105553 
v 0.0100047 0 -0.105838 
v 0.15 0 0.145 
v -0.01235 0 -0.14675 
v -0.0123487 0 -0.146809 
v -0.15 0 -0.145 
v -0.0120342 0 -0.147618 
v -0.012071 0 -0.147572 
v -0.0118678 0 -0.147784 
v -0.011912 0 -0.147745 
v 0.00965128 0 -0.146809 
v -0.00965514 0 -0.146868 
v -0.00966155 0 -0.146926 
v 0.0114617 0 -0.145481 
v 0.0122875 0 -0.107156 
v 0.0122686 0 -0.107212 
v 0.00965128 0 -0.106691 
v 0.00965514 0 -0.106632 
v 0.00977648 0 -0.107321 
v 0.00983087 0 -0.107425 
v 0.00980254 0 -0.107373 
v 0.00989414 0 -0.107524 
v 0.00986142 0 -0.107475 
v 0.00996584 0 -0.107618 
v 0.00992897 0 -0.107572 
v -0.009682 0 -0.146458 
v -0.00967051 0 -0.146516 
v -0.00973141 0 -0.146288 
v -0.00971248 0 -0.146344 
v -0.00977648 0 -0.146179 
v -0.00989414 0 -0.145976 
v -0.00986142 0 -0.146025 
v -0.0100047 0 -0.145838 
v -0.00996584 0 -0.145882 
v 0.0104295 0 -0.107974 
v -0.0103766 0 -0.145553 
v -0.010325 0 -0.145581 
v -0.0104834 0 -0.145503 
v -0.0104295 0 -0.145526 
v 0.0103766 0 -0.107947 
v -0.0110589 0 -0.145401 
v -0.011 0 -0.1454 
v -0.0111762 0 -0.145412 
v -0.0111177 0 -0.145405 
v 0.012318 0 -0.106458 
v 0.0118218 0 -0.105679 
v 0.0118678 0 -0.105716 
v 0.0114617 0 -0.105481 
v 0.0115166 0 -0.105503 
v 0.0113494 0 -0.105446 
v 0.011406 0 -0.105462 
v 0.0111177 0 -0.105405 
v 0.0111762 0 -0.105412 
v 0.0107656 0 -0.105421 
v 0.0108238 0 -0.105412 
v 0.0102257 0 -0.105644 
v 0.0102746 0 -0.105611 
v -0.0119953 0 -0.147662 
v -0.0119546 0 -0.147705 
v -0.00967051 0 -0.146984 
v -0.00965128 0 -0.146691 
v -0.00965 0 -0.14675 
v 0.00965 0 -0.14675 
v -0.00983087 0 -0.147425 
v 0.009696 0 -0.147099 
v 0.009682 0 -0.147042 
v 0.0119953 0 -0.145838 
v 0.0120342 0 -0.145882 
v 0.0105383 0 -0.145481 
v 0.0112344 0 -0.108079 
v 0.0111762 0 -0.108088 
v 0.0121975 0 -0.107373 
v 0.0121691 0 -0.107425 
v 0.012304 0 -0.107099 
v 0.0123385 0 -0.106926 
v 0.0123295 0 -0.106984 
v 0.00971248 0 -0.106344 
v 0.00973141 0 -0.106288 
v 0.009682 0 -0.106458 
v 0.009696 0 -0.106401 
v 0.00966155 0 -0.106574 
v 0.00967051 0 -0.106516 
v 0.00965 0 -0.10675 
v 0.00966155 0 -0.106926 
v 0.00965514 0 -0.106868 
v 0.009682 0 -0.107042 
v 0.00967051 0 -0.106984 
v -0.00966155 0 -0.146574 
v -0.009696 0 -0.146401 
v -0.00992897 0 -0.145928 
v -0.0102746 0 -0.145611 
v -0.0109411 0 -0.145401 
v -0.0108823 0 -0.145405 
v -0.0112922 0 -0.145432 
v -0.0112344 0 -0.145421 
v -0.011406 0 -0.145462 
v -0.0113494 0 -0.145446 
v 0.011912 0 -0.105755 
v 0.0119546 0 -0.105795 
v 0.0112344 0 -0.105421 
v 0.011 0 -0.1054 
v 0.0110589 0 -0.105401 
v 0.0108823 0 -0.105405 
v 0.0109411 0 -0.105401 
v 0.0107078 0 -0.105432 
v 0.010325 0 -0.105581 
v 0.0103766 0 -0.105553 
v 0.0101782 0 -0.105679 
v 0.010088 0 -0.105755 
v 0.0101322 0 -0.105716 
v 0.0100454 0 -0.105795 
v -0.0121975 0 -0.147373 
v -0.0121059 0 -0.147524 
v -0.0121386 0 -0.147475 
v -0.009696 0 -0.147099 
v -0.00971248 0 -0.147156 
v -0.009682 0 -0.147042 
v 0.00965128 0 -0.146691 
v -0.00965128 0 -0.146809 
v 0.00967051 0 -0.146984 
v 0.00973141 0 -0.147212 
v 0.00971248 0 -0.147156 
v 0.0122235 0 -0.146179 
v 0.0122472 0 -0.146233 
v 0.0121691 0 -0.146075 
v 0.0121975 0 -0.146127 
v 0.0121059 0 -0.145976 
v 0.0121386 0 -0.146025 
v 0.012071 0 -0.145928 
v 0.0113494 0 -0.108054 
v 0.0109411 0 -0.145401 
v 0.011 0 -0.1454 
v 0.0108238 0 -0.145412 
v 0.0108823 0 -0.145405 
v 0.0112922 0 -0.108068 
v 0.0121059 0 -0.107524 
v 0.012071 0 -0.107572 
v 0.0122235 0 -0.107321 
v 0.0122472 0 -0.107267 
v 0.0123449 0 -0.106868 
v 0.00965128 0 -0.106809 
v 0.009696 0 -0.107099 
v 0.00971248 0 -0.107156 
v 0.0100047 0 -0.107662 
v -0.00975276 0 -0.146233 
v -0.0100454 0 -0.145795 
v -0.0102257 0 -0.145644 
v 0.0105383 0 -0.108019 
v 0.0104834 0 -0.107997 
v 0.010594 0 -0.108038 
v -0.0107078 0 -0.145432 
v -0.0106506 0 -0.145446 
v -0.0108238 0 -0.145412 
v -0.0107656 0 -0.145421 
v -0.0117254 0 -0.145611 
v -0.011675 0 -0.145581 
v 0.0123385 0 -0.106574 
v 0.0123449 0 -0.106632 
v 0.0112922 0 -0.105432 
v 0.0105383 0 -0.105481 
v 0.010594 0 -0.105462 
v 0.0104295 0 -0.105526 
v 0.0104834 0 -0.105503 
v -0.0121691 0 -0.147425 
v -0.0117743 0 -0.147856 
v -0.0118218 0 -0.147821 
v -0.011675 0 -0.147919 
v -0.0117254 0 -0.147889 
v 0.00983087 0 -0.147425 
v -0.0100454 0 -0.147705 
v -0.010088 0 -0.147745 
v -0.00989414 0 -0.147524 
v -0.00992897 0 -0.147572 
v -0.00977648 0 -0.147321 
v -0.00980254 0 -0.147373 
v -0.00973141 0 -0.147212 
v -0.00975276 0 -0.147267 
v 0.00966155 0 -0.146926 
v 0.00965514 0 -0.146868 
v 0.00977648 0 -0.147321 
v 0.00975276 0 -0.147267 
v 0.00980254 0 -0.147373 
v 0.0118678 0 -0.145716 
v 0.011912 0 -0.145755 
v 0.0110589 0 -0.145401 
v 0.0111177 0 -0.145405 
v 0.0107078 0 -0.145432 
v 0.0107656 0 -0.145421 
v 0.010594 0 -0.145462 
v 0.0106506 0 -0.145446 
v 0.0111177 0 -0.108095 
v 0.0118218 0 -0.107821 
v 0.0117743 0 -0.107856 
v 0.0120342 0 -0.107618 
v 0.0119953 0 -0.107662 
v 0.0121386 0 -0.107475 
v 0.012318 0 -0.107042 
v 0.00975276 0 -0.106233 
v 0.00977648 0 -0.106179 
v -0.00965514 0 -0.146632 
v -0.0101322 0 -0.145716 
v -0.010088 0 -0.145755 
v -0.0101782 0 -0.145679 
v 0.010325 0 -0.107919 
v 0.0102746 0 -0.107889 
v -0.0117743 0 -0.145644 
v 0.0123295 0 -0.106516 
v 0.0106506 0 -0.105446 
v -0.0121691 0 -0.146075 
v -0.0121386 0 -0.146025 
v -0.0122472 0 -0.146233 
v -0.0122235 0 -0.146179 
v -0.012304 0 -0.146401 
v -0.0122875 0 -0.146344 
v -0.0123385 0 -0.146574 
v -0.0123295 0 -0.146516 
v -0.0123487 0 -0.146691 
v -0.0123449 0 -0.146632 
v -0.0100047 0 -0.147662 
v -0.00996584 0 -0.147618 
v 0.011 0 -0.1081 
v -0.0101322 0 -0.147784 
v 0.00996584 0 -0.147618 
v 0.00992897 0 -0.147572 
v 0.0101322 0 -0.147784 
v 0.010088 0 -0.147745 
v 0.0122686 0 -0.146288 
v 0.0122875 0 -0.146344 
v 0.0119546 0 -0.145795 
v 0.0112922 0 -0.145432 
v 0.0113494 0 -0.145446 
v 0.0111762 0 -0.145412 
v 0.0112344 0 -0.145421 
v 0.0110589 0 -0.108099 
v 0.0102746 0 -0.145611 
v 0.010325 0 -0.145581 
v 0.0117254 0 -0.107889 
v 0.00983087 0 -0.146075 
v 0.00986142 0 -0.146025 
v 0.00975276 0 -0.146233 
v 0.00977648 0 -0.146179 
v 0.009696 0 -0.146401 
v 0.00971248 0 -0.146344 
v 0.00966155 0 -0.146574 
v 0.00967051 0 -0.146516 
v 0.00965514 0 -0.146632 
v 0.010088 0 -0.107745 
v 0.0100454 0 -0.107705 
v 0.0101782 0 -0.107821 
v 0.0101322 0 -0.107784 
v 0.0102257 0 -0.107856 
v -0.010594 0 -0.145462 
v -0.0115705 0 -0.145526 
v -0.0115166 0 -0.145503 
v -0.0116234 0 -0.145553 
v -0.0121975 0 -0.146127 
v -0.0122686 0 -0.146288 
v -0.012318 0 -0.146458 
v 0.145 0 0.15 
v 0.145 0 -0.15 
v 0.0123385 0 -0.146926 
v 0.0123295 0 -0.146984 
v -0.00986142 0 -0.147475 
v 0.0100047 0 -0.147662 
v 0.0100454 0 -0.147705 
v 0.0123385 0 -0.146574 
v 0.0123449 0 -0.146632 
v 0.012318 0 -0.146458 
v 0.0123295 0 -0.146516 
v 0.012304 0 -0.146401 
v 0.0123487 0 -0.106691 
v 0.01235 0 -0.10675 
v 0.0123487 0 -0.106809 
v 0.0115166 0 -0.145503 
v 0.0115705 0 -0.145526 
v 0.0102257 0 -0.145644 
v 0.0114617 0 -0.108019 
v 0.011406 0 -0.108038 
v 0.0115705 0 -0.107974 
v 0.0115166 0 -0.107997 
v 0.011675 0 -0.107919 
v 0.0119546 0 -0.107705 
v 0.00980254 0 -0.146127 
v 0.00973141 0 -0.146288 
v 0.009682 0 -0.146458 
v 0.0108823 0 -0.108095 
v 0.0108238 0 -0.108088 
v -0.012071 0 -0.145928 
v -0.0120342 0 -0.145882 
v -0.15 0 0.145 
v -0.0112922 0 -0.148068 
v -0.0113494 0 -0.148054 
v -0.0111762 0 -0.148088 
v -0.0112344 0 -0.148079 
v 0.0123449 0 -0.146868 
v 0.010325 0 -0.147919 
v -0.010325 0 -0.147919 
v -0.0103766 0 -0.147947 
v -0.0101782 0 -0.147821 
v -0.0102257 0 -0.147856 
v 0.00989414 0 -0.147524 
v 0.00986142 0 -0.147475 
v 0.0117743 0 -0.145644 
v 0.0117254 0 -0.145611 
v 0.011406 0 -0.145462 
v 0.0104295 0 -0.145526 
v 0.0104834 0 -0.145503 
v 0.0103766 0 -0.145553 
v 0.0116234 0 -0.107947 
v 0.011912 0 -0.107745 
v 0.0118678 0 -0.107784 
v 0.00992897 0 -0.145928 
v 0.00996584 0 -0.145882 
v 0.0107656 0 -0.108079 
v 0.0109411 0 -0.108099 
v -0.0119546 0 -0.145795 
v -0.011912 0 -0.145755 
v -0.0121059 0 -0.145976 
v -0.0115705 0 -0.147974 
v -0.0116234 0 -0.147947 
v -0.0110589 0 -0.148099 
v -0.0111177 0 -0.148095 
v -0.145 0 -0.15 
v -0.011 0 -0.1481 
v 0.0119546 0 -0.147705 
v 0.011912 0 -0.147745 
v 0.0121059 0 -0.147524 
v 0.012071 0 -0.147572 
v 0.012304 0 -0.147099 
v 0.0122875 0 -0.147156 
v 0.012318 0 -0.147042 
v 0.01235 0 -0.14675 
v 0.0123487 0 -0.146809 
v 0.0123487 0 -0.146691 
v -0.0109411 0 -0.148099 
v -0.0108238 0 -0.148088 
v -0.0108823 0 -0.148095 
v -0.0107078 0 -0.148068 
v -0.0107656 0 -0.148079 
v -0.010594 0 -0.148038 
v -0.0106506 0 -0.148054 
v -0.0104295 0 -0.147974 
v 0.0107078 0 -0.148068 
v 0.0106506 0 -0.148054 
v 0.0108238 0 -0.148088 
v 0.0107656 0 -0.148079 
v 0.0118218 0 -0.145679 
v 0.011675 0 -0.145581 
v 0.0116234 0 -0.145553 
v 0.0100454 0 -0.145795 
v 0.010088 0 -0.145755 
v 0.00989414 0 -0.145976 
v -0.0119953 0 -0.145838 
v -0.0115166 0 -0.147997 
v -0.011406 0 -0.148038 
v 0.0112922 0 -0.148068 
v 0.0112344 0 -0.148079 
v 0.011406 0 -0.148038 
v 0.0113494 0 -0.148054 
v 0.0119953 0 -0.147662 
v 0.0120342 0 -0.147618 
v 0.0122235 0 -0.147321 
v 0.0121975 0 -0.147373 
v 0.0122686 0 -0.147212 
v 0.0122472 0 -0.147267 
v -0.0104834 0 -0.147997 
v -0.0102746 0 -0.147889 
v 0.0102257 0 -0.147856 
v 0.0101782 0 -0.147821 
v 0.0102746 0 -0.147889 
v 0.0104295 0 -0.147974 
v 0.0103766 0 -0.147947 
v 0.0109411 0 -0.148099 
v 0.0108823 0 -0.148095 
v 0.011 0 -0.1481 
v 0.0100047 0 -0.145838 
v 0.0107078 0 -0.108068 
v -0.0118678 0 -0.145716 
v -0.0118218 0 -0.145679 
v -0.0114617 0 -0.148019 
v 0.0111762 0 -0.148088 
v 0.0111177 0 -0.148095 
v 0.011675 0 -0.147919 
v 0.0116234 0 -0.147947 
v 0.0117743 0 -0.147856 
v 0.0117254 0 -0.147889 
v 0.0121691 0 -0.147425 
v 0.0121386 0 -0.147475 
v -0.0105383 0 -0.148019 
v 0.0104834 0 -0.147997 
v 0.010594 0 -0.148038 
v 0.0101322 0 -0.145716 
v 0.0101782 0 -0.145679 
v 0.0110589 0 -0.148099 
v 0.0114617 0 -0.148019 
v 0.0115705 0 -0.147974 
v 0.0118218 0 -0.147821 
v 0.0105383 0 -0.148019 
v 0.0115166 0 -0.147997 
v 0.0118678 0 -0.147784 
v 0.15 0.01 0.145 
v 0.145 0.01 0.15 
v -0.15 0.01 -0.145 
v -0.145 0.01 -0.15 
v -0.15 0.01 0.145 
v -0.145 0.01 0.15 
v 0.145 0.01 -0.15 
v 0.15 0.01 -0.145 
v 0.00965128 0.006 -0.106809 
v 0.00965 0.006 -0.10675 
v 0.00965514 0.006 -0.106868 
v 0.00966155 0.006 -0.106926 
v 0.00967051 0.006 -0.106984 
v 0.009682 0.006 -0.107042 
v 0.009696 0.006 -0.107099 
v 0.00971248 0.006 -0.107156 
v 0.00973141 0.006 -0.107212 
v 0.00975276 0.006 -0.107267 
v 0.00977648 0.006 -0.107321 
v 0.00980254 0.006 -0.107373 
v 0.00983087 0.006 -0.107425 
v 0.00986142 0.006 -0.107475 
v 0.00989414 0.006 -0.107524 
v 0.00992897 0.006 -0.107572 
v 0.00996584 0.006 -0.107618 
v 0.0100047 0.006 -0.107662 
v 0.0100454 0.006 -0.107705 
v 0.010088 0.006 -0.107745 
v 0.0101322 0.006 -0.107784 
v 0.0101782 0.006 -0.107821 
v 0.0102257 0.006 -0.107856 
v 0.0102746 0.006 -0.107889 
v 0.010325 0.006 -0.107919 
v 0.0103766 0.006 -0.107947 
v 0.0104295 0.006 -0.107974 
v 0.0104834 0.006 -0.107997 
v 0.0105383 0.006 -0.108019 
v 0.010594 0.006 -0.108038 
v 0.0106506 0.006 -0.108054 
v 0.0107078 0.006 -0.108068 
v 0.0107656 0.006 -0.108079 
v 0.0108238 0.006 -0.108088 
v 0.0108823 0.006 -0.108095 
v 0.0109411 0.006 -0.108099 
v 0.011 0.006 -0.1081 
v 0.0110589 0.006 -0.108099 
v 0.0111177 0.006 -0.108095 
v 0.0111762 0.006 -0.108088 
v 0.0112344 0.006 -0.108079 
v 0.0112922 0.006 -0.108068 
v 0.0113494 0.006 -0.108054 
v 0.011406 0.006 -0.108038 
v 0.0114617 0.006 -0.108019 
v 0.0115166 0.006 -0.107997 
v 0.0115705 0.006 -0.107974 
v 0.0116234 0.006 -0.107947 
v 0.011675 0.006 -0.107919 
v 0.0117254 0.006 -0.107889 
v 0.0117743 0.006 -0.107856 
v 0.0118218 0.006 -0.107821 
v 0.0118678 0.006 -0.107784 
v 0.011912 0.006 -0.107745 
v 0.0119546 0.006 -0.107705 
v 0.0119953 0.006 -0.107662 
v 0.0120342 0.006 -0.107618 
v 0.012071 0.006 -0.107572 
v 0.0121059 0.006 -0.107524 
v 0.0121386 0.006 -0.107475 
v 0.0121691 0.006 -0.107425 
v 0.0121975 0.006 -0.107373 
v 0.0122235 0.006 -0.107321 
v 0.0122472 0.006 -0.107267 
v 0.0122686 0.006 -0.107212 
v 0.0122875 0.006 -0.107156 
v 0.012304 0.006 -0.107099 
v 0.012318 0.006 -0.107042 
v 0.0123295 0.006 -0.106984 
v 0.0123385 0.006 -0.106926 
v 0.0123449 0.006 -0.106868 
v 0.0123487 0.006 -0.106809 
v 0.01235 0.006 -0.10675 
v 0.0123487 0.006 -0.106691 
v 0.0123449 0.006 -0.106632 
v 0.0123385 0.006 -0.106574 
v 0.0123295 0.006 -0.106516 
v 0.012318 0.006 -0.106458 
v 0.012304 0.006 -0.106401 
v 0.0122875 0.006 -0.106344 
v 0.0122686 0.006 -0.106288 
v 0.0122472 0.006 -0.106233 
v 0.0122235 0.006 -0.106179 
v 0.0121975 0.006 -0.106127 
v 0.0121691 0.006 -0.106075 
v 0.0121386 0.006 -0.106025 
v 0.0121059 0.006 -0.105976 
v 0.012071 0.006 -0.105928 
v 0.0120342 0.006 -0.105882 
v 0.0119953 0.006 -0.105838 
v 0.0119546 0.006 -0.105795 
v 0.011912 0.006 -0.105755 
v 0.0118678 0.006 -0.105716 
v 0.0118218 0.006 -0.105679 
v 0.0117743 0.006 -0.105644 
v 0.0117254 0.006 -0.105611 
v 0.011675 0.006 -0.105581 
v 0.0116234 0.006 -0.105553 
v 0.0115705 0.006 -0.105526 
v 0.0115166 0.006 -0.105503 
v 0.0114617 0.006 -0.105481 
v 0.011406 0.006 -0.105462 
v 0.0113494 0.006 -0.105446 
v 0.0112922 0.006 -0.105432 
v 0.0112344 0.006 -0.105421 
v 0.0111762 0.006 -0.105412 
v 0.0111177 0.006 -0.105405 
v 0.0110589 0.006 -0.105401 
v 0.011 0.006 -0.1054 
v 0.0109411 0.006 -0.105401 
v 0.0108823 0.006 -0.105405 
v 0.0108238 0.006 -0.105412 
v 0.0107656 0.006 -0.105421 
v 0.0107078 0.006 -0.105432 
v 0.0106506 0.006 -0.105446 
v 0.010594 0.006 -0.105462 
v 0.0105383 0.006 -0.105481 
v 0.0104834 0.006 -0.105503 
v 0.0104295 0.006 -0.105526 
v 0.0103766 0.006 -0.105553 
v 0.010325 0.006 -0.105581 
v 0.0102746 0.006 -0.105611 
v 0.0102257 0.006 -0.105644 
v 0.0101782 0.006 -0.105679 
v 0.0101322 0.006 -0.105716 
v 0.010088 0.006 -0.105755 
v 0.0100454 0.006 -0.105795 
v 0.0100047 0.006 -0.105838 
v 0.00996584 0.006 -0.105882 
v 0.00992897 0.006 -0.105928 
v 0.00989414 0.006 -0.105976 
v 0.00986142 0.006 -0.106025 
v 0.00983087 0.006 -0.106075 
v 0.00980254 0.006 -0.106127 
v 0.00977648 0.006 -0.106179 
v 0.00975276 0.006 -0.106233 
v 0.00973141 0.006 -0.106288 
v 0.00971248 0.006 -0.106344 
v 0.009696 0.006 -0.106401 
v 0.009682 0.006 -0.106458 
v 0.00967051 0.006 -0.106516 
v 0.00966155 0.006 -0.106574 
v 0.00965514 0.006 -0.106632 
v 0.00965128 0.006 -0.106691 
v 0.00818092 0.006 -0.107776 
v 0.00813885 0.006 -0.107652 
v 0.00801142 0.006 -0.106489 
v 0.00802567 0.006 -0.106358 
v 0.00861994 0.006 -0.108576 
v 0.00854254 0.006 -0.108471 
v 0.00846983 0.006 -0.108362 
v 0.00840192 0.006 -0.10825 
v 0.00810222 0.006 -0.107526 
v 0.00800286 0.006 -0.106619 
v 0.00804558 0.006 -0.106229 
v 0.00807111 0.006 -0.106101 
v 0.00810222 0.006 -0.105974 
v 0.00813885 0.006 -0.105848 
v 0.00818092 0.006 -0.105724 
v 0.00822836 0.006 -0.105602 
v 0.00828108 0.006 -0.105482 
v 0.00833897 0.006 -0.105365 
v 0.00840192 0.006 -0.10525 
v 0.00878817 0.006 -0.108777 
v 0.00870187 0.006 -0.108678 
v 0.00833897 0.006 -0.108135 
v 0.00828108 0.006 -0.108018 
v 0.00822836 0.006 -0.107898 
v 0.00804558 0.006 -0.107271 
v 0.00802567 0.006 -0.107142 
v 0.00801142 0.006 -0.107011 
v 0.00800286 0.006 -0.106881 
v 0.0138191 0.006 -0.107776 
v 0.0137716 0.006 -0.107898 
v 0.00807111 0.006 -0.107399 
v 0.008 0.006 -0.10675 
v 0.00846983 0.006 -0.105138 
v 0.00854254 0.006 -0.105029 
v 0.00861994 0.006 -0.104924 
v 0.00870187 0.006 -0.104822 
v 0.00878817 0.006 -0.104723 
v 0.0139743 0.006 -0.107142 
v 0.0139544 0.006 -0.107271 
v 0.0138612 0.006 -0.107652 
v 0.0135981 0.006 -0.10825 
v 0.0135302 0.006 -0.108362 
v 0.0135981 0.006 -0.10525 
v 0.013661 0.006 -0.105365 
v 0.0138191 0.006 -0.105724 
v 0.0138612 0.006 -0.105848 
v 0.0139289 0.006 -0.107399 
v 0.0137189 0.006 -0.108018 
v 0.013661 0.006 -0.108135 
v 0.0133801 0.006 -0.108576 
v 0.0132981 0.006 -0.108678 
v 0.00927927 0.006 -0.104293 
v 0.0093881 0.006 -0.10422 
v 0.0095 0.006 -0.104152 
v 0.0137189 0.006 -0.105482 
v 0.0137716 0.006 -0.105602 
v 0.0139971 0.006 -0.106881 
v 0.0139886 0.006 -0.107011 
v 0.0138978 0.006 -0.107526 
v 0.0134575 0.006 -0.108471 
v 0.0132118 0.006 -0.108777 
v 0.0131213 0.006 -0.108871 
v 0.00961475 0.006 -0.104089 
v 0.00973215 0.006 -0.104031 
v 0.0126119 0.006 -0.10422 
v 0.0127207 0.006 -0.104293 
v 0.0138978 0.006 -0.105974 
v 0.0139289 0.006 -0.106101 
v 0.0139544 0.006 -0.106229 
v 0.0139743 0.006 -0.106358 
v 0.0139886 0.006 -0.106489 
v 0.0139971 0.006 -0.106619 
v 0.014 0.006 -0.10675 
v 0.0127207 0.006 -0.109207 
v 0.0126119 0.006 -0.10928 
v 0.0113916 0.006 -0.109724 
v 0.0112615 0.006 -0.109739 
v 0.0107385 0.006 -0.109739 
v 0.0106084 0.006 -0.109724 
v 0.0104791 0.006 -0.109704 
v 0.0100979 0.006 -0.109611 
v 0.00997394 0.006 -0.109569 
v 0.00985195 0.006 -0.109522 
v 0.00973215 0.006 -0.109469 
v 0.00897323 0.006 -0.108962 
v 0.00887868 0.006 -0.108871 
v 0.00887868 0.006 -0.104629 
v 0.00897323 0.006 -0.104538 
v 0.00907164 0.006 -0.104452 
v 0.00917372 0.006 -0.10437 
v 0.00985195 0.006 -0.103978 
v 0.00997394 0.006 -0.103931 
v 0.0100979 0.006 -0.103889 
v 0.0102235 0.006 -0.103852 
v 0.0123852 0.006 -0.104089 
v 0.0125 0.006 -0.104152 
v 0.0128263 0.006 -0.10437 
v 0.0132981 0.006 -0.104822 
v 0.0133801 0.006 -0.104924 
v 0.0134575 0.006 -0.105029 
v 0.0135302 0.006 -0.105138 
v 0.0130268 0.006 -0.108962 
v 0.0125 0.006 -0.109348 
v 0.0123852 0.006 -0.109411 
v 0.0122679 0.006 -0.109469 
v 0.0121481 0.006 -0.109522 
v 0.0120261 0.006 -0.109569 
v 0.0119021 0.006 -0.109611 
v 0.0117765 0.006 -0.109648 
v 0.0115209 0.006 -0.109704 
v 0.0111309 0.006 -0.109747 
v 0.011 0.006 -0.10975 
v 0.0108691 0.006 -0.109747 
v 0.0103507 0.006 -0.109679 
v 0.00961475 0.006 -0.109411 
v 0.0095 0.006 -0.109348 
v 0.0093881 0.006 -0.10928 
v 0.00927927 0.006 -0.109207 
v 0.00907164 0.006 -0.109048 
v 0.0106084 0.006 -0.103776 
v 0.0107385 0.006 -0.103761 
v 0.0113916 0.006 -0.103776 
v 0.0115209 0.006 -0.103796 
v 0.0119021 0.006 -0.103889 
v 0.0120261 0.006 -0.103931 
v 0.0121481 0.006 -0.103978 
v 0.0122679 0.006 -0.104031 
v 0.0129284 0.006 -0.104452 
v 0.0130268 0.006 -0.104538 
v 0.0129284 0.006 -0.109048 
v 0.0128263 0.006 -0.10913 
v 0.00917372 0.006 -0.10913 
v 0.0104791 0.006 -0.103796 
v 0.0108691 0.006 -0.103753 
v 0.011 0.006 -0.10375 
v 0.0111309 0.006 -0.103753 
v 0.0112615 0.006 -0.103761 
v 0.0116493 0.006 -0.103821 
v 0.0131213 0.006 -0.104629 
v 0.0132118 0.006 -0.104723 
v 0.0116493 0.006 -0.109679 
v 0.0102235 0.006 -0.109648 
v 0.0103507 0.006 -0.103821 
v 0.0117765 0.006 -0.103852 
v 0.0139971 0.01 -0.106619 
v 0.014 0.01 -0.10675 
v 0.0139886 0.01 -0.106489 
v 0.0139743 0.01 -0.106358 
v 0.0139544 0.01 -0.106229 
v 0.0139289 0.01 -0.106101 
v 0.0138978 0.01 -0.105974 
v 0.0138612 0.01 -0.105848 
v 0.0138191 0.01 -0.105724 
v 0.0137716 0.01 -0.105602 
v 0.0137189 0.01 -0.105482 
v 0.013661 0.01 -0.105365 
v 0.0135981 0.01 -0.10525 
v 0.0135302 0.01 -0.105138 
v 0.0134575 0.01 -0.105029 
v 0.0133801 0.01 -0.104924 
v 0.0132981 0.01 -0.104822 
v 0.0132118 0.01 -0.104723 
v 0.0131213 0.01 -0.104629 
v 0.0130268 0.01 -0.104538 
v 0.0129284 0.01 -0.104452 
v 0.0128263 0.01 -0.10437 
v 0.0127207 0.01 -0.104293 
v 0.0126119 0.01 -0.10422 
v 0.0125 0.01 -0.104152 
v 0.0123852 0.01 -0.104089 
v 0.0122679 0.01 -0.104031 
v 0.0121481 0.01 -0.103978 
v 0.0120261 0.01 -0.103931 
v 0.0119021 0.01 -0.103889 
v 0.0117765 0.01 -0.103852 
v 0.0116493 0.01 -0.103821 
v 0.0115209 0.01 -0.103796 
v 0.0113916 0.01 -0.103776 
v 0.0112615 0.01 -0.103761 
v 0.0111309 0.01 -0.103753 
v 0.011 0.01 -0.10375 
v 0.0108691 0.01 -0.103753 
v 0.0107385 0.01 -0.103761 
v 0.0106084 0.01 -0.103776 
v 0.0104791 0.01 -0.103796 
v 0.0103507 0.01 -0.103821 
v 0.0102235 0.01 -0.103852 
v 0.0100979 0.01 -0.103889 
v 0.00997394 0.01 -0.103931 
v 0.00985195 0.01 -0.103978 
v 0.00973215 0.01 -0.104031 
v 0.00961475 0.01 -0.104089 
v 0.0095 0.01 -0.104152 
v 0.0093881 0.01 -0.10422 
v 0.00927927 0.01 -0.104293 
v 0.00917372 0.01 -0.10437 
v 0.00907164 0.01 -0.104452 
v 0.00897323 0.01 -0.104538 
v 0.00887868 0.01 -0.104629 
v 0.00878817 0.01 -0.104723 
v 0.00870187 0.01 -0.104822 
v 0.00861994 0.01 -0.104924 
v 0.00854254 0.01 -0.105029 
v 0.00846983 0.01 -0.105138 
v 0.00840192 0.01 -0.10525 
v 0.00833897 0.01 -0.105365 
v 0.00828108 0.01 -0.105482 
v 0.00822836 0.01 -0.105602 
v 0.00818092 0.01 -0.105724 
v 0.00813885 0.01 -0.105848 
v 0.00810222 0.01 -0.105974 
v 0.00807111 0.01 -0.106101 
v 0.00804558 0.01 -0.106229 
v 0.00802567 0.01 -0.106358 
v 0.00801142 0.01 -0.106489 
v 0.00800286 0.01 -0.106619 
v 0.008 0.01 -0.10675 
v 0.00800286 0.01 -0.106881 
v 0.00801142 0.01 -0.107011 
v 0.00802567 0.01 -0.107142 
v 0.00804558 0.01 -0.107271 
v 0.00807111 0.01 -0.107399 
v 0.00810222 0.01 -0.107526 
v 0.00813885 0.01 -0.107652 
v 0.00818092 0.01 -0.107776 
v 0.00822836 0.01 -0.107898 
v 0.00828108 0.01 -0.108018 
v 0.00833897 0.01 -0.108135 
v 0.00840192 0.01 -0.10825 
v 0.00846983 0.01 -0.108362 
v 0.00854254 0.01 -0.108471 
v 0.00861994 0.01 -0.108576 
v 0.00870187 0.01 -0.108678 
v 0.00878817 0.01 -0.108777 
v 0.00887868 0.01 -0.108871 
v 0.00897323 0.01 -0.108962 
v 0.00907164 0.01 -0.109048 
v 0.00917372 0.01 -0.10913 
v 0.00927927 0.01 -0.109207 
v 0.0093881 0.01 -0.10928 
v 0.0095 0.01 -0.109348 
v 0.00961475 0.01 -0.109411 
v 0.00973215 0.01 -0.109469 
v 0.00985195 0.01 -0.109522 
v 0.00997394 0.01 -0.109569 
v 0.0100979 0.01 -0.109611 
v 0.0102235 0.01 -0.109648 
v 0.0103507 0.01 -0.109679 
v 0.0104791 0.01 -0.109704 
v 0.0106084 0.01 -0.109724 
v 0.0107385 0.01 -0.109739 
v 0.0108691 0.01 -0.109747 
v 0.011 0.01 -0.10975 
v 0.0111309 0.01 -0.109747 
v 0.0112615 0.01 -0.109739 
v 0.0113916 0.01 -0.109724 
v 0.0115209 0.01 -0.109704 
v 0.0116493 0.01 -0.109679 
v 0.0117765 0.01 -0.109648 
v 0.0119021 0.01 -0.109611 
v 0.0120261 0.01 -0.109569 
v 0.0121481 0.01 -0.109522 
v 0.0122679 0.01 -0.109469 
v 0.0123852 0.01 -0.109411 
v 0.0125 0.01 -0.109348 
v 0.0126119 0.01 -0.10928 
v 0.0127207 0.01 -0.109207 
v 0.0128263 0.01 -0.10913 
v 0.0129284 0.01 -0.109048 
v 0.0130268 0.01 -0.108962 
v 0.0131213 0.01 -0.108871 
v 0.0132118 0.01 -0.108777 
v 0.0132981 0.01 -0.108678 
v 0.0133801 0.01 -0.108576 
v 0.0134575 0.01 -0.108471 
v 0.0135302 0.01 -0.108362 
v 0.0135981 0.01 -0.10825 
v 0.013661 0.01 -0.108135 
v 0.0137189 0.01 -0.108018 
v 0.0137716 0.01 -0.107898 
v 0.0138191 0.01 -0.107776 
v 0.0138612 0.01 -0.107652 
v 0.0138978 0.01 -0.107526 
v 0.0139289 0.01 -0.107399 
v 0.0139544 0.01 -0.107271 
v 0.0139743 0.01 -0.107142 
v 0.0139886 0.01 -0.107011 
v 0.0139971 0.01 -0.106881 
v -0.0123487 0.006 -0.146809 
v -0.01235 0.006 -0.14675 
v -0.0123449 0.006 -0.146868 
v -0.0123385 0.006 -0.146926 
v -0.0123295 0.006 -0.146984 
v -0.012318 0.006 -0.147042 
v -0.012304 0.006 -0.147099 
v -0.0122875 0.006 -0.147156 
v -0.0122686 0.006 -0.147212 
v -0.0122472 0.006 -0.147267 
v -0.0122235 0.006 -0.147321 
v -0.0121975 0.006 -0.147373 
v -0.0121691 0.006 -0.147425 
v -0.0121386 0.006 -0.147475 
v -0.0121059 0.006 -0.147524 
v -0.012071 0.006 -0.147572 
v -0.0120342 0.006 -0.147618 
v -0.0119953 0.006 -0.147662 
v -0.0119546 0.006 -0.147705 
v -0.011912 0.006 -0.147745 
v -0.0118678 0.006 -0.147784 
v -0.0118218 0.006 -0.147821 
v -0.0117743 0.006 -0.147856 
v -0.0117254 0.006 -0.147889 
v -0.011675 0.006 -0.147919 
v -0.0116234 0.006 -0.147947 
v -0.0115705 0.006 -0.147974 
v -0.0115166 0.006 -0.147997 
v -0.0114617 0.006 -0.148019 
v -0.011406 0.006 -0.148038 
v -0.0113494 0.006 -0.148054 
v -0.0112922 0.006 -0.148068 
v -0.0112344 0.006 -0.148079 
v -0.0111762 0.006 -0.148088 
v -0.0111177 0.006 -0.148095 
v -0.0110589 0.006 -0.148099 
v -0.011 0.006 -0.1481 
v -0.0109411 0.006 -0.148099 
v -0.0108823 0.006 -0.148095 
v -0.0108238 0.006 -0.148088 
v -0.0107656 0.006 -0.148079 
v -0.0107078 0.006 -0.148068 
v -0.0106506 0.006 -0.148054 
v -0.010594 0.006 -0.148038 
v -0.0105383 0.006 -0.148019 
v -0.0104834 0.006 -0.147997 
v -0.0104295 0.006 -0.147974 
v -0.0103766 0.006 -0.147947 
v -0.010325 0.006 -0.147919 
v -0.0102746 0.006 -0.147889 
v -0.0102257 0.006 -0.147856 
v -0.0101782 0.006 -0.147821 
v -0.0101322 0.006 -0.147784 
v -0.010088 0.006 -0.147745 
v -0.0100454 0.006 -0.147705 
v -0.0100047 0.006 -0.147662 
v -0.00996584 0.006 -0.147618 
v -0.00992897 0.006 -0.147572 
v -0.00989414 0.006 -0.147524 
v -0.00986142 0.006 -0.147475 
v -0.00983087 0.006 -0.147425 
v -0.00980254 0.006 -0.147373 
v -0.00977648 0.006 -0.147321 
v -0.00975276 0.006 -0.147267 
v -0.00973141 0.006 -0.147212 
v -0.00971248 0.006 -0.147156 
v -0.009696 0.006 -0.147099 
v -0.009682 0.006 -0.147042 
v -0.00967051 0.006 -0.146984 
v -0.00966155 0.006 -0.146926 
v -0.00965514 0.006 -0.146868 
v -0.00965128 0.006 -0.146809 
v -0.00965 0.006 -0.14675 
v -0.00965128 0.006 -0.146691 
v -0.00965514 0.006 -0.146632 
v -0.00966155 0.006 -0.146574 
v -0.00967051 0.006 -0.146516 
v -0.009682 0.006 -0.146458 
v -0.009696 0.006 -0.146401 
v -0.00971248 0.006 -0.146344 
v -0.00973141 0.006 -0.146288 
v -0.00975276 0.006 -0.146233 
v -0.00977648 0.006 -0.146179 
v -0.00980254 0.006 -0.146127 
v -0.00983087 0.006 -0.146075 
v -0.00986142 0.006 -0.146025 
v -0.00989414 0.006 -0.145976 
v -0.00992897 0.006 -0.145928 
v -0.00996584 0.006 -0.145882 
v -0.0100047 0.006 -0.145838 
v -0.0100454 0.006 -0.145795 
v -0.010088 0.006 -0.145755 
v -0.0101322 0.006 -0.145716 
v -0.0101782 0.006 -0.145679 
v -0.0102257 0.006 -0.145644 
v -0.0102746 0.006 -0.145611 
v -0.010325 0.006 -0.145581 
v -0.0103766 0.006 -0.145553 
v -0.0104295 0.006 -0.145526 
v -0.0104834 0.006 -0.145503 
v -0.0105383 0.006 -0.145481 
v -0.010594 0.006 -0.145462 
v -0.0106506 0.006 -0.145446 
v -0.0107078 0.006 -0.145432 
v -0.0107656 0.006 -0.145421 
v -0.0108238 0.006 -0.145412 
v -0.0108823 0.006 -0.145405 
v -0.0109411 0.006 -0.145401 
v -0.011 0.006 -0.1454 
v -0.0110589 0.006 -0.145401 
v -0.0111177 0.006 -0.145405 
v -0.0111762 0.006 -0.145412 
v -0.0112344 0.006 -0.145421 
v -0.0112922 0.006 -0.145432 
v -0.0113494 0.006 -0.145446 
v -0.011406 0.006 -0.145462 
v -0.0114617 0.006 -0.145481 
v -0.0115166 0.006 -0.145503 
v -0.0115705 0.006 -0.145526 
v -0.0116234 0.006 -0.145553 
v -0.011675 0.006 -0.145581 
v -0.0117254 0.006 -0.145611 
v -0.0117743 0.006 -0.145644 
v -0.0118218 0.006 -0.145679 
v -0.0118678 0.006 -0.145716 
v -0.011912 0.006 -0.145755 
v -0.0119546 0.006 -0.145795 
v -0.0119953 0.006 -0.145838 
v -0.0120342 0.006 -0.145882 
v -0.012071 0.006 -0.145928 
v -0.0121059 0.006 -0.145976 
v -0.0121386 0.006 -0.146025 
v -0.0121691 0.006 -0.146075 
v -0.0121975 0.006 -0.146127 
v -0.0122235 0.006 -0.146179 
v -0.0122472 0.006 -0.146233 
v -0.0122686 0.006 -0.146288 
v -0.0122875 0.006 -0.146344 
v -0.012304 0.006 -0.146401 
v -0.012318 0.006 -0.146458 
v -0.0123295 0.006 -0.146516 
v -0.0123385 0.006 -0.146574 
v -0.0123449 0.006 -0.146632 
v -0.0123487 0.006 -0.146691 
v 0.00965128 0.006 -0.146809 
v 0.00965 0.006 -0.14675 
v 0.00965514 0.006 -0.146868 
v 0.00966155 0.006 -0.146926 
v 0.00967051 0.006 -0.146984 
v 0.009682 0.006 -0.147042 
v 0.009696 0.006 -0.147099 
v 0.00971248 0.006 -0.147156 
v 0.00973141 0.006 -0.147212 
v 0.00975276 0.006 -0.147267 
v 0.00977648 0.006 -0.147321 
v 0.00980254 0.006 -0.147373 
v 0.00983087 0.006 -0.147425 
v 0.00986142 0.006 -0.147475 
v 0.00989414 0.006 -0.147524 
v 0.00992897 0.006 -0.147572 
v 0.00996584 0.006 -0.147618 
v 0.0100047 0.006 -0.147662 
v 0.0100454 0.006 -0.147705 
v 0.010088 0.006 -0.147745 
v 0.0101322 0.006 -0.147784 
v 0.0101782 0.006 -0.147821 
v 0.0102257 0.006 -0.147856 
v 0.0102746 0.006 -0.147889 
v 0.010325 0.006 -0.147919 
v 0.0103766 0.006 -0.147947 
v 0.0104295 0.006 -0.147974 
v 0.0104834 0.006 -0.147997 
v 0.0105383 0.006 -0.148019 
v 0.010594 0.006 -0.148038 
v 0.0106506 0.006 -0.148054 
v 0.0107078 0.006 -0.148068 
v 0.0107656 0.006 -0.148079 
v 0.0108238 0.006 -0.148088 
v 0.0108823 0.006 -0.148095 
v 0.0109411 0.006 -0.148099 
v 0.011 0.006 -0.1481 
v 0.0110589 0.006 -0.148099 
v 0.0111177 0.006 -0.148095 
v 0.0111762 0.006 -0.148088 
v 0.0112344 0.006 -0.148079 
v 0.0112922 0.006 -0.148068 
v 0.0113494 0.006 -0.148054 
v 0.011406 0.006 -0.148038 
v 0.0114617 0.006 -0.148019 
v 0.0115166 0.006 -0.147997 
v 0.0115705 0.006 -0.147974 
v 0.0116234 0.006 -0.147947 
v 0.011675 0.006 -0.147919 
v 0.0117254 0.006 -0.147889 
v 0.0117743 0.006 -0.147856 
v 0.0118218 0.006 -0.147821 
v 0.0118678 0.006 -0.147784 
v 0.011912 0.006 -0.147745 
v 0.0119546 0.006 -0.147705 
v 0.0119953 0.006 -0.147662 
v 0.0120342 0.006 -0.147618 
v 0.012071 0.006 -0.147572 
v 0.0121059 0.006 -0.147524 
v 0.0121386 0.006 -0.147475 
v 0.0121691 0.006 -0.147425 
v 0.0121975 0.006 -0.147373 
v 0.0122235 0.006 -0.147321 
v 0.0122472 0.006 -0.147267 
v 0.0122686 0.006 -0.147212 
v 0.0122875 0.006 -0.147156 
v 0.012304 0.006 -0.147099 
v 0.012318 0.006 -0.147042 
v 0.0123295 0.006 -0.146984 
v 0.0123385 0.006 -0.146926 
v 0.0123449 0.006 -0.146868 
v 0.0123487 0.006 -0.146809 
v 0.01235 0.006 -0.14675 
v 0.0123487 0.006 -0.146691 
v 0.0123449 0.006 -0.146632 
v 0.0123385 0.006 -0.146574 
v 0.0123295 0.006 -0.146516 
v 0.012318 0.006 -0.146458 
v 0.012304 0.006 -0.146401 
v 0.0122875 0.006 -0.146344 
v 0.0122686 0.006 -0.146288 
v 0.0122472 0.006 -0.146233 
v 0.0122235 0.006 -0.146179 
v 0.0121975 0.006 -0.146127 
v 0.0121691 0.006 -0.146075 
v 0.0121386 0.006 -0.146025 
v 0.0121059 0.006 -0.145976 
v 0.012071 0.006 -0.145928 
v 0.0120342 0.006 -0.145882 
v 0.0119953 0.006 -0.145838 
v 0.0119546 0.006 -0.145795 
v 0.011912 0.006 -0.145755 
v 0.0118678 0.006 -0.145716 
v 0.0118218 0.006 -0.145679 
v 0.0117743 0.006 -0.145644 
v 0.0117254 0.006 -0.145611 
v 0.011675 0.006 -0.145581 
v 0.0116234 0.006 -0.145553 
v 0.0115705 0.006 -0.145526 
v 0.0115166 0.006 -0.145503 
v 0.0114617 0.006 -0.145481 
v 0.011406 0.006 -0.145462 
v 0.0113494 0.006 -0.145446 
v 0.0112922 0.006 -0.145432 
v 0.0112344 0.006 -0.145421 
v 0.0111762 0.006 -0.145412 
v 0.0111177 0.006 -0.145405 
v 0.0110589 0.006 -0.145401 
v 0.011 0.006 -0.1454 
v 0.0109411 0.006 -0.145401 
v 0.0108823 0.006 -0.145405 
v 0.0108238 0.006 -0.145412 
v 0.0107656 0.006 -0.145421 
v 0.0107078 0.006 -0.145432 
v 0.0106506 0.006 -0.145446 
v 0.010594 0.006 -0.145462 
v 0.0105383 0.006 -0.145481 
v 0.0104834 0.006 -0.145503 
v 0.0104295 0.006 -0.145526 
v 0.0103766 0.006 -0.145553 
v 0.010325 0.006 -0.145581 
v 0.0102746 0.006 -0.145611 
v 0.0102257 0.006 -0.145644 
v 0.0101782 0.006 -0.145679 
v 0.0101322 0.006 -0.145716 
v 0.010088 0.006 -0.145755 
v 0.0100454 0.006 -0.145795 
v 0.0100047 0.006 -0.145838 
v 0.00996584 0.006 -0.145882 
v 0.00992897 0.006 -0.145928 
v 0.00989414 0.006 -0.145976 
v 0.00986142 0.006 -0.146025 
v 0.00983087 0.006 -0.146075 
v 0.00980254 0.006 -0.146127 
v 0.00977648 0.006 -0.146179 
v 0.00975276 0.006 -0.146233 
v 0.00973141 0.006 -0.146288 
v 0.00971248 0.006 -0.146344 
v 0.009696 0.006 -0.146401 
v 0.009682 0.006 -0.146458 
v 0.00967051 0.006 -0.146516 
v 0.00966155 0.006 -0.146574 
v 0.00965514 0.006 -0.146632 
v 0.00965128 0.006 -0.146691 
v -0.014 0.006 -0.14675 
v -0.014 0.006 -0.15 
v -0.0133165 0.006 -0.144844 
v -0.0132323 0.006 -0.144746 
v -0.0139889 0.006 -0.146492 
v -0.013975 0.006 -0.146364 
v -0.0139557 0.006 -0.146236 
v -0.0139308 0.006 -0.146109 
v -0.0138649 0.006 -0.14586 
v -0.013824 0.006 -0.145737 
v -0.0135426 0.006 -0.145158 
v -0.0134718 0.006 -0.14505 
v -0.0133963 0.006 -0.144945 
v -0.0139972 0.006 -0.146621 
v -0.0139005 0.006 -0.145984 
v -0.0137265 0.006 -0.145498 
v -0.0136701 0.006 -0.145382 
v -0.00876769 0.006 -0.144746 
v -0.00868353 0.006 -0.144844 
v -0.00860366 0.006 -0.144945 
v -0.008 0.006 -0.14675 
v -0.0137778 0.006 -0.145617 
v -0.0136088 0.006 -0.145269 
v -0.00852823 0.006 -0.14505 
v -0.00845738 0.006 -0.145158 
v -0.00839123 0.006 -0.145269 
v -0.00832992 0.006 -0.145382 
v -0.00827355 0.006 -0.145498 
v -0.00822223 0.006 -0.145617 
v -0.00817605 0.006 -0.145737 
v -0.008 0.006 -0.15 
v -0.0130518 0.006 -0.144561 
v -0.0129557 0.006 -0.144475 
v -0.0090443 0.006 -0.144475 
v -0.00894824 0.006 -0.144561 
v -0.00885598 0.006 -0.144652 
v -0.0081351 0.006 -0.14586 
v -0.00809946 0.006 -0.145984 
v -0.00806918 0.006 -0.146109 
v -0.00804434 0.006 -0.146236 
v -0.00802497 0.006 -0.146364 
v -0.00801111 0.006 -0.146492 
v -0.00800278 0.006 -0.146621 
v -0.013144 0.006 -0.144652 
v -0.0118283 0.006 -0.143867 
v -0.0117035 0.006 -0.143834 
v -0.0115774 0.006 -0.143806 
v -0.0114502 0.006 -0.143784 
v -0.0113221 0.006 -0.143767 
v -0.0111935 0.006 -0.143756 
v -0.0110645 0.006 -0.143751 
v -0.0125371 0.006 -0.144174 
v -0.0124249 0.006 -0.14411 
v -0.01231 0.006 -0.144051 
v -0.0121926 0.006 -0.143997 
v -0.0105498 0.006 -0.143784 
v -0.0104226 0.006 -0.143806 
v -0.0102965 0.006 -0.143834 
v -0.0101717 0.006 -0.143867 
v -0.0100484 0.006 -0.143905 
v -0.00980737 0.006 -0.143997 
v -0.00969005 0.006 -0.144051 
v -0.00957515 0.006 -0.14411 
v -0.00946289 0.006 -0.144174 
v -0.00935347 0.006 -0.144242 
v -0.0126465 0.006 -0.144242 
v -0.0120731 0.006 -0.143948 
v -0.0109355 0.006 -0.143751 
v -0.0108065 0.006 -0.143756 
v -0.0106779 0.006 -0.143767 
v -0.00992691 0.006 -0.143948 
v -0.00924711 0.006 -0.144315 
v -0.00914399 0.006 -0.144393 
v -0.012856 0.006 -0.144393 
v -0.0127529 0.006 -0.144315 
v -0.0119516 0.006 -0.143905 
v -0.008 0.01 -0.15 
v -0.008 0.01 -0.14675 
v -0.00800278 0.01 -0.146621 
v -0.00801111 0.01 -0.146492 
v -0.00802497 0.01 -0.146364 
v -0.00804434 0.01 -0.146236 
v -0.00806918 0.01 -0.146109 
v -0.00809946 0.01 -0.145984 
v -0.0081351 0.01 -0.14586 
v -0.00817605 0.01 -0.145737 
v -0.00822223 0.01 -0.145617 
v -0.00827355 0.01 -0.145498 
v -0.00832992 0.01 -0.145382 
v -0.00839123 0.01 -0.145269 
v -0.00845738 0.01 -0.145158 
v -0.00852823 0.01 -0.14505 
v -0.00860366 0.01 -0.144945 
v -0.00868353 0.01 -0.144844 
v -0.00876769 0.01 -0.144746 
v -0.00885598 0.01 -0.144652 
v -0.00894824 0.01 -0.144561 
v -0.0090443 0.01 -0.144475 
v -0.00914399 0.01 -0.144393 
v -0.00924711 0.01 -0.144315 
v -0.00935347 0.01 -0.144242 
v -0.00946289 0.01 -0.144174 
v -0.00957515 0.01 -0.14411 
v -0.00969005 0.01 -0.144051 
v -0.00980737 0.01 -0.143997 
v -0.00992691 0.01 -0.143948 
v -0.0100484 0.01 -0.143905 
v -0.0101717 0.01 -0.143867 
v -0.0102965 0.01 -0.143834 
v -0.0104226 0.01 -0.143806 
v -0.0105498 0.01 -0.143784 
v -0.0106779 0.01 -0.143767 
v -0.0108065 0.01 -0.143756 
v -0.0109355 0.01 -0.143751 
v -0.0110645 0.01 -0.143751 
v -0.0111935 0.01 -0.143756 
v -0.0113221 0.01 -0.143767 
v -0.0114502 0.01 -0.143784 
v -0.0115774 0.01 -0.143806 
v -0.0117035 0.01 -0.143834 
v -0.0118283 0.01 -0.143867 
v -0.0119516 0.01 -0.143905 
v -0.0120731 0.01 -0.143948 
v -0.0121926 0.01 -0.143997 
v -0.01231 0.01 -0.144051 
v -0.0124249 0.01 -0.14411 
v -0.0125371 0.01 -0.144174 
v -0.0126465 0.01 -0.144242 
v -0.0127529 0.01 -0.144315 
v -0.012856 0.01 -0.144393 
v -0.0129557 0.01 -0.144475 
v -0.0130518 0.01 -0.144561 
v -0.013144 0.01 -0.144652 
v -0.0132323 0.01 -0.144746 
v -0.0133165 0.01 -0.144844 
v -0.0133963 0.01 -0.144945 
v -0.0134718 0.01 -0.14505 
v -0.0135426 0.01 -0.145158 
v -0.0136088 0.01 -0.145269 
v -0.0136701 0.01 -0.145382 
v -0.0137265 0.01 -0.145498 
v -0.0137778 0.01 -0.145617 
v -0.013824 0.01 -0.145737 
v -0.0138649 0.01 -0.14586 
v -0.0139005 0.01 -0.145984 
v -0.0139308 0.01 -0.146109 
v -0.0139557 0.01 -0.146236 
v -0.013975 0.01 -0.146364 
v -0.0139889 0.01 -0.146492 
v -0.0139972 0.01 -0.146621 
v -0.014 0.01 -0.14675 
v -0.014 0.01 -0.15 
v 0.008 0.01 -0.15 
v 0.008 0.006 -0.15 
v 0.014 0.006 -0.15 
v 0.014 0.01 -0.15 
v 0.00860366 0.01 -0.144945 
v 0.00852823 0.01 -0.14505 
v 0.0138649 0.01 -0.14586 
v 0.013824 0.01 -0.145737 
v 0.0139308 0.01 -0.146109 
v 0.0139005 0.01 -0.145984 
v 0.013975 0.01 -0.146364 
v 0.0139557 0.01 -0.146236 
v 0.00809946 0.01 -0.145984 
v 0.00806918 0.01 -0.146109 
v 0.00822223 0.01 -0.145617 
v 0.00817605 0.01 -0.145737 
v 0.00839123 0.01 -0.145269 
v 0.00832992 0.01 -0.145382 
v 0.00845738 0.01 -0.145158 
v 0.0137778 0.01 -0.145617 
v 0.0120731 0.01 -0.143948 
v 0.0119516 0.01 -0.143905 
v 0.0102965 0.01 -0.143834 
v 0.0101717 0.01 -0.143867 
v 0.00804434 0.01 -0.146236 
v 0.00827355 0.01 -0.145498 
v 0.0134718 0.01 -0.14505 
v 0.0133963 0.01 -0.144945 
v 0.0136701 0.01 -0.145382 
v 0.0136088 0.01 -0.145269 
v 0.0118283 0.01 -0.143867 
v 0.01231 0.01 -0.144051 
v 0.0121926 0.01 -0.143997 
v 0.0126465 0.01 -0.144242 
v 0.0125371 0.01 -0.144174 
v 0.00969005 0.01 -0.144051 
v 0.00957515 0.01 -0.14411 
v 0.00992691 0.01 -0.143948 
v 0.00980737 0.01 -0.143997 
v 0.0100484 0.01 -0.143905 
v 0.0081351 0.01 -0.14586 
v 0.00894824 0.01 -0.144561 
v 0.00885598 0.01 -0.144652 
v 0.014 0.01 -0.14675 
v 0.0139972 0.01 -0.146621 
v 0.012856 0.01 -0.144393 
v 0.0127529 0.01 -0.144315 
v 0.0129557 0.01 -0.144475 
v 0.0133165 0.01 -0.144844 
v 0.0132323 0.01 -0.144746 
v 0.0135426 0.01 -0.145158 
v 0.0137265 0.01 -0.145498 
v 0.0139889 0.01 -0.146492 
v 0.0117035 0.01 -0.143834 
v 0.0115774 0.01 -0.143806 
v 0.0124249 0.01 -0.14411 
v 0.00946289 0.01 -0.144174 
v 0.0106779 0.01 -0.143767 
v 0.0105498 0.01 -0.143784 
v 0.00876769 0.01 -0.144746 
v 0.00935347 0.01 -0.144242 
v 0.013144 0.01 -0.144652 
v 0.0130518 0.01 -0.144561 
v 0.0110645 0.01 -0.143751 
v 0.0109355 0.01 -0.143751 
v 0.0113221 0.01 -0.143767 
v 0.0111935 0.01 -0.143756 
v 0.0114502 0.01 -0.143784 
v 0.0104226 0.01 -0.143806 
v 0.00802497 0.01 -0.146364 
v 0.00868353 0.01 -0.144844 
v 0.00914399 0.01 -0.144393 
v 0.0090443 0.01 -0.144475 
v 0.00924711 0.01 -0.144315 
v 0.0108065 0.01 -0.143756 
v 0.00800278 0.01 -0.146621 
v 0.008 0.01 -0.14675 
v 0.00801111 0.01 -0.146492 
v 0.008 0.006 -0.14675 
v 0.00868353 0.006 -0.144844 
v 0.00876769 0.006 -0.144746 
v 0.00801111 0.006 -0.146492 
v 0.00802497 0.006 -0.146364 
v 0.00804434 0.006 -0.146236 
v 0.00806918 0.006 -0.146109 
v 0.0081351 0.006 -0.14586 
v 0.00817605 0.006 -0.145737 
v 0.00845738 0.006 -0.145158 
v 0.00852823 0.006 -0.14505 
v 0.00860366 0.006 -0.144945 
v 0.00800278 0.006 -0.146621 
v 0.00809946 0.006 -0.145984 
v 0.00827355 0.006 -0.145498 
v 0.00832992 0.006 -0.145382 
v 0.0132323 0.006 -0.144746 
v 0.0133165 0.006 -0.144844 
v 0.0133963 0.006 -0.144945 
v 0.014 0.006 -0.14675 
v 0.00822223 0.006 -0.145617 
v 0.00839123 0.006 -0.145269 
v 0.0134718 0.006 -0.14505 
v 0.0135426 0.006 -0.145158 
v 0.0136088 0.006 -0.145269 
v 0.0136701 0.006 -0.145382 
v 0.0137265 0.006 -0.145498 
v 0.0137778 0.006 -0.145617 
v 0.013824 0.006 -0.145737 
v 0.00894824 0.006 -0.144561 
v 0.0090443 0.006 -0.144475 
v 0.0129557 0.006 -0.144475 
v 0.0130518 0.006 -0.144561 
v 0.013144 0.006 -0.144652 
v 0.0138649 0.006 -0.14586 
v 0.0139005 0.006 -0.145984 
v 0.0139308 0.006 -0.146109 
v 0.0139557 0.006 -0.146236 
v 0.013975 0.006 -0.146364 
v 0.0139889 0.006 -0.146492 
v 0.0139972 0.006 -0.146621 
v 0.00885598 0.006 -0.144652 
v 0.0101717 0.006 -0.143867 
v 0.0102965 0.006 -0.143834 
v 0.0104226 0.006 -0.143806 
v 0.0105498 0.006 -0.143784 
v 0.0106779 0.006 -0.143767 
v 0.0108065 0.006 -0.143756 
v 0.0109355 0.006 -0.143751 
v 0.00946289 0.006 -0.144174 
v 0.00957515 0.006 -0.14411 
v 0.00969005 0.006 -0.144051 
v 0.00980737 0.006 -0.143997 
v 0.0114502 0.006 -0.143784 
v 0.0115774 0.006 -0.143806 
v 0.0117035 0.006 -0.143834 
v 0.0118283 0.006 -0.143867 
v 0.0119516 0.006 -0.143905 
v 0.0121926 0.006 -0.143997 
v 0.01231 0.006 -0.144051 
v 0.0124249 0.006 -0.14411 
v 0.0125371 0.006 -0.144174 
v 0.0126465 0.006 -0.144242 
v 0.00935347 0.006 -0.144242 
v 0.00992691 0.006 -0.143948 
v 0.0110645 0.006 -0.143751 
v 0.0111935 0.006 -0.143756 
v 0.0113221 0.006 -0.143767 
v 0.0120731 0.006 -0.143948 
v 0.0127529 0.006 -0.144315 
v 0.012856 0.006 -0.144393 
v 0.00914399 0.006 -0.144393 
v 0.00924711 0.006 -0.144315 
v 0.0100484 0.006 -0.143905 
vn -0.999048 0 -0.0436194 
vn -1 0 -2.44929e-16 
vn -0.996195 0 -0.0871557 
vn -0.999048 0 -0.0436194 
vn -0.991445 0 -0.130526 
vn -0.996195 0 -0.0871557 
vn -0.984808 0 -0.173648 
vn -0.991445 0 -0.130526 
vn -0.976296 0 -0.21644 
vn -0.984808 0 -0.173648 
vn -0.965926 0 -0.258819 
vn -0.976296 0 -0.21644 
vn -0.953717 0 -0.300706 
vn -0.965926 0 -0.258819 
vn -0.939693 0 -0.34202 
vn -0.953717 0 -0.300706 
vn -0.92388 0 -0.382683 
vn -0.939693 0 -0.34202 
vn -0.906308 0 -0.422618 
vn -0.92388 0 -0.382683 
vn -0.887011 0 -0.461749 
vn -0.906308 0 -0.422618 
vn -0.866025 0 -0.5 
vn -0.887011 0 -0.461749 
vn -0.843391 0 -0.5373 
vn -0.866025 0 -0.5 
vn -0.819152 0 -0.573576 
vn -0.843391 0 -0.5373 
vn -0.793353 0 -0.608761 
vn -0.819152 0 -0.573576 
vn -0.766044 0 -0.642788 
vn -0.793353 0 -0.608761 
vn -0.737277 0 -0.67559 
vn -0.766044 0 -0.642788 
vn -0.707107 0 -0.707107 
vn -0.737277 0 -0.67559 
vn -0.67559 0 -0.737277 
vn -0.707107 0 -0.707107 
vn -0.642788 0 -0.766044 
vn -0.67559 0 -0.737277 
vn -0.608761 0 -0.793353 
vn -0.642788 0 -0.766044 
vn -0.573576 0 -0.819152 
vn -0.608761 0 -0.793353 
vn -0.5373 0 -0.843391 
vn -0.573576 0 -0.819152 
vn -0.5 0 -0.866025 
vn -0.5373 0 -0.843391 
vn -0.461749 0 -0.887011 
vn -0.5 0 -0.866025 
vn -0.422618 0 -0.906308 
vn -0.461749 0 -0.887011 
vn -0.382683 0 -0.92388 
vn -0.422618 0 -0.906308 
vn -0.34202 0 -0.939693 
vn -0.382683 0 -0.92388 
vn -0.300706 0 -0.953717 
vn -0.34202 0 -0.939693 
vn -0.258819 0 -0.965926 
vn -0.300706 0 -0.953717 
vn -0.21644 0 -0.976296 
vn -0.258819 0 -0.965926 
vn -0.173648 0 -0.984808 
vn -0.21644 0 -0.976296 
vn -0.130526 0 -0.991445 
vn -0.173648 0 -0.984808 
vn -0.0871557 0 -0.996195 
vn -0.130526 0 -0.991445 
vn -0.0436194 0 -0.999048 
vn -0.0871557 0 -0.996195 
vn 1.07188e-15 0 -1 
vn -0.0436194 0 -0.999048 
vn 0.0436194 0 -0.999048 
vn 1.07188e-15 0 -1 
vn 0.0871557 0 -0.996195 
vn 0.0436194 0 -0.999048 
vn 0.130526 0 -0.991445 
vn 0.0871557 0 -0.996195 
vn 0.173648 0 -0.984808 
vn 0.130526 0 -0.991445 
vn 0.21644 0 -0.976296 
vn 0.173648 0 -0.984808 
vn 0.258819 0 -0.965926 
vn 0.21644 0 -0.976296 
vn 0.300706 0 -0.953717 
vn 0.258819 0 -0.965926 
vn 0.34202 0 -0.939693 
vn 0.300706 0 -0.953717 
vn 0.382683 0 -0.92388 
vn 0.34202 0 -0.939693 
vn 0.422618 0 -0.906308 
vn 0.382683 0 -0.92388 
vn 0.461749 0 -0.887011 
vn 0.422618 0 -0.906308 
vn 0.5 0 -0.866025 
vn 0.461749 0 -0.887011 
vn 0.5373 0 -0.843391 
vn 0.5 0 -0.866025 
vn 0.573576 0 -0.819152 
vn 0.5373 0 -0.843391 
vn 0.608761 0 -0.793353 
vn 0.573576 0 -0.819152 
vn 0.642788 0 -0.766044 
vn 0.608761 0 -0.793353 
vn 0.67559 0 -0.737277 
vn 0.642788 0 -0.766044 
vn 0.707107 0 -0.707107 
vn 0.67559 0 -0.737277 
vn 0.737277 0 -0.67559 
vn 0.707107 0 -0.707107 
vn 0.766044 0 -0.642788 
vn 0.737277 0 -0.67559 
vn 0.793353 0 -0.608761 
vn 0.766044 0 -0.642788 
vn 0.819152 0 -0.573576 
vn 0.793353 0 -0.608761 
vn 0.843391 0 -0.5373 
vn 0.819152 0 -0.573576 
vn 0.866025 0 -0.5 
vn 0.843391 0 -0.5373 
vn 0.887011 0 -0.461749 
vn 0.866025 0 -0.5 
vn 0.906308 0 -0.422618 
vn 0.887011 0 -0.461749 
vn 0.92388 0 -0.382683 
vn 0.906308 0 -0.422618 
vn 0.939693 0 -0.34202 
vn 0.92388 0 -0.382683 
vn 0.953717 0 -0.300706 
vn 0.939693 0 -0.34202 
vn 0.965926 0 -0.258819 
vn 0.953717 0 -0.300706 
vn 0.976296 0 -0.21644 
vn 0.965926 0 -0.258819 
vn 0.984808 0 -0.173648 
vn 0.976296 0 -0.21644 
vn 0.991445 0 -0.130526 
vn 0.984808 0 -0.173648 
vn 0.996195 0 -0.0871557 
vn 0.991445 0 -0.130526 
vn 0.999048 0 -0.0436194 
vn 0.996195 0 -0.0871557 
vn 1 0 1.22465e-16 
vn 0.999048 0 -0.0436194 
vn 0.999048 0 0.0436194 
vn 1 0 1.22465e-16 
vn 0.996195 0 0.0871557 
vn 0.999048 0 0.0436194 
vn 0.991445 0 0.130526 
vn 0.996195 0 0.0871557 
vn 0.984808 0 0.173648 
vn 0.991445 0 0.130526 
vn 0.976296 0 0.21644 
vn 0.984808 0 0.173648 
vn 0.965926 0 0.258819 
vn 0.976296 0 0.21644 
vn 0.953717 0 0.300706 
vn 0.965926 0 0.258819 
vn 0.939693 0 0.34202 
vn 0.953717 0 0.300706 
vn 0.92388 0 0.382683 
vn 0.939693 0 0.34202 
vn 0.906308 0 0.422618 
vn 0.92388 0 0.382683 
vn 0.887011 0 0.461749 
vn 0.906308 0 0.422618 
vn 0.866025 0 0.5 
vn 0.887011 0 0.461749 
vn 0.843391 0 0.5373 
vn 0.866025 0 0.5 
vn 0.819152 0 0.573576 
vn 0.843391 0 0.5373 
vn 0.793353 0 0.608761 
vn 0.819152 0 0.573576 
vn 0.766044 0 0.642788 
vn 0.793353 0 0.608761 
vn 0.737277 0 0.67559 
vn 0.766044 0 0.642788 
vn 0.707107 0 0.707107 
vn 0.737277 0 0.67559 
vn 0.67559 0 0.737277 
vn 0.707107 0 0.707107 
vn 0.642788 0 0.766044 
vn 0.67559 0 0.737277 
vn 0.608761 0 0.793353 
vn 0.642788 0 0.766044 
vn 0.573576 0 0.819152 
vn 0.608761 0 0.793353 
vn 0.5373 0 0.843391 
vn 0.573576 0 0.819152 
vn 0.5 0 0.866025 
vn 0.5373 0 0.843391 
vn 0.461749 0 0.887011 
vn 0.5 0 0.866025 
vn 0.422618 0 0.906308 
vn 0.461749 0 0.887011 
vn 0.382683 0 0.92388 
vn 0.422618 0 0.906308 
vn 0.34202 0 0.939693 
vn 0.382683 0 0.92388 
vn 0.300706 0 0.953717 
vn 0.34202 0 0.939693 
vn 0.258819 0 0.965926 
vn 0.300706 0 0.953717 
vn 0.21644 0 0.976296 
vn 0.258819 0 0.965926 
vn 0.173648 0 0.984808 
vn 0.21644 0 0.976296 
vn 0.130526 0 0.991445 
vn 0.173648 0 0.984808 
vn 0.0871557 0 0.996195 
vn 0.130526 0 0.991445 
vn 0.0436194 0 0.999048 
vn 0.0871557 0 0.996195 
vn -6.12323e-17 0 1 
vn 0.0436194 0 0.999048 
vn -0.0436194 0 0.999048 
vn -6.12323e-17 0 1 
vn -0.0871557 0 0.996195 
vn -0.0436194 0 0.999048 
vn -0.130526 0 0.991445 
vn -0.0871557 0 0.996195 
vn -0.173648 0 0.984808 
vn -0.130526 0 0.991445 
vn -0.21644 0 0.976296 
vn -0.173648 0 0.984808 
vn -0.258819 0 0.965926 
vn -0.21644 0 0.976296 
vn -0.300706 0 0.953717 
vn -0.258819 0 0.965926 
vn -0.34202 0 0.939693 
vn -0.300706 0 0.953717 
vn -0.382683 0 0.92388 
vn -0.34202 0 0.939693 
vn -0.422618 0 0.906308 
vn -0.382683 0 0.92388 
vn -0.461749 0 0.887011 
vn -0.422618 0 0.906308 
vn -0.5 0 0.866025 
vn -0.461749 0 0.887011 
vn -0.5373 0 0.843391 
vn -0.5 0 0.866025 
vn -0.573576 0 0.819152 
vn -0.5373 0 0.843391 
vn -0.608761 0 0.793353 
vn -0.573576 0 0.819152 
vn -0.642788 0 0.766044 
vn -0.608761 0 0.793353 
vn -0.67559 0 0.737277 
vn -0.642788 0 0.766044 
vn -0.707107 0 0.707107 
vn -0.67559 0 0.737277 
vn -0.737277 0 0.67559 
vn -0.707107 0 0.707107 
vn -0.766044 0 0.642788 
vn -0.737277 0 0.67559 
vn -0.793353 0 0.608761 
vn -0.766044 0 0.642788 
vn -0.819152 0 0.573576 
vn -0.793353 0 0.608761 
vn -0.843391 0 0.5373 
vn -0.819152 0 0.573576 
vn -0.866025 0 0.5 
vn -0.843391 0 0.5373 
vn -0.887011 0 0.461749 
vn -0.866025 0 0.5 
vn -0.906308 0 0.422618 
vn -0.887011 0 0.461749 
vn -0.92388 0 0.382683 
vn -0.906308 0 0.422618 
vn -0.939693 0 0.34202 
vn -0.92388 0 0.382683 
vn -0.953717 0 0.300706 
vn -0.939693 0 0.34202 
vn -0.965926 0 0.258819 
vn -0.953717 0 0.300706 
vn -0.976296 0 0.21644 
vn -0.965926 0 0.258819 
vn -0.984808 0 0.173648 
vn -0.976296 0 0.21644 
vn -0.991445 0 0.130526 
vn -0.984808 0 0.173648 
vn -0.996195 0 0.0871557 
vn -0.991445 0 0.130526 
vn -0.999048 0 0.0436194 
vn -0.996195 0 0.0871557 
vn 0 1 0 
vn 0.999048 0 0.0436194 
vn 1 0 2.44929e-16 
vn 0.996195 0 0.0871557 
vn 0.999048 0 0.0436194 
vn 0.991445 0 0.130526 
vn 0.996195 0 0.0871557 
vn 0.984808 0 0.173648 
vn 0.991445 0 0.130526 
vn 0.976296 0 0.21644 
vn 0.984808 0 0.173648 
vn 0.965926 0 0.258819 
vn 0.976296 0 0.21644 
vn 0.953717 0 0.300706 
vn 0.965926 0 0.258819 
vn 0.939693 0 0.34202 
vn 0.953717 0 0.300706 
vn 0.92388 0 0.382683 
vn 0.939693 0 0.34202 
vn 0.906308 0 0.422618 
vn 0.92388 0 0.382683 
vn 0.887011 0 0.461749 
vn 0.906308 0 0.422618 
vn 0.866025 0 0.5 
vn 0.887011 0 0.461749 
vn 0.843391 0 0.5373 
vn 0.866025 0 0.5 
vn 0.819152 0 0.573576 
vn 0.843391 0 0.5373 
vn 0.793353 0 0.608761 
vn 0.819152 0 0.573576 
vn 0.766044 0 0.642788 
vn 0.793353 0 0.608761 
vn 0.737277 0 0.67559 
vn 0.766044 0 0.642788 
vn 0.707107 0 0.707107 
vn 0.737277 0 0.67559 
vn 0.67559 0 0.737277 
vn 0.707107 0 0.707107 
vn 0.642788 0 0.766044 
vn 0.67559 0 0.737277 
vn 0.608761 0 0.793353 
vn 0.642788 0 0.766044 
vn 0.573576 0 0.819152 
vn 0.608761 0 0.793353 
vn 0.5373 0 0.843391 
vn 0.573576 0 0.819152 
vn 0.5 0 0.866025 
vn 0.5373 0 0.843391 
vn 0.461749 0 0.887011 
vn 0.5 0 0.866025 
vn 0.422618 0 0.906308 
vn 0.461749 0 0.887011 
vn 0.382683 0 0.92388 
vn 0.422618 0 0.906308 
vn 0.34202 0 0.939693 
vn 0.382683 0 0.92388 
vn 0.300706 0 0.953717 
vn 0.34202 0 0.939693 
vn 0.258819 0 0.965926 
vn 0.300706 0 0.953717 
vn 0.21644 0 0.976296 
vn 0.258819 0 0.965926 
vn 0.173648 0 0.984808 
vn 0.21644 0 0.976296 
vn 0.130526 0 0.991445 
vn 0.173648 0 0.984808 
vn 0.0871557 0 0.996195 
vn 0.130526 0 0.991445 
vn 0.0436194 0 0.999048 
vn 0.0871557 0 0.996195 
vn -1.83697e-16 0 1 
vn 0.0436194 0 0.999048 
vn -0.0436194 0 0.999048 
vn -1.83697e-16 0 1 
vn -0.0871557 0 0.996195 
vn -0.0436194 0 0.999048 
vn -0.130526 0 0.991445 
vn -0.0871557 0 0.996195 
vn -0.173648 0 0.984808 
vn -0.130526 0 0.991445 
vn -0.21644 0 0.976296 
vn -0.173648 0 0.984808 
vn -0.258819 0 0.965926 
vn -0.21644 0 0.976296 
vn -0.300706 0 0.953717 
vn -0.258819 0 0.965926 
vn -0.34202 0 0.939693 
vn -0.300706 0 0.953717 
vn -0.382683 0 0.92388 
vn -0.34202 0 0.939693 
vn -0.422618 0 0.906308 
vn -0.382683 0 0.92388 
vn -0.461749 0 0.887011 
vn -0.422618 0 0.906308 
vn -0.5 0 0.866025 
vn -0.461749 0 0.887011 
vn -0.5373 0 0.843391 
vn -0.5 0 0.866025 
vn -0.573576 0 0.819152 
vn -0.5373 0 0.843391 
vn -0.608761 0 0.793353 
vn -0.573576 0 0.819152 
vn -0.642788 0 0.766044 
vn -0.608761 0 0.793353 
vn -0.67559 0 0.737277 
vn -0.642788 0 0.766044 
vn -0.707107 0 0.707107 
vn -0.67559 0 0.737277 
vn -0.737277 0 0.67559 
vn -0.707107 0 0.707107 
vn -0.766044 0 0.642788 
vn -0.737277 0 0.67559 
vn -0.793353 0 0.608761 
vn -0.766044 0 0.642788 
vn -0.819152 0 0.573576 
vn -0.793353 0 0.608761 
vn -0.843391 0 0.5373 
vn -0.819152 0 0.573576 
vn -0.866025 0 0.5 
vn -0.843391 0 0.5373 
vn -0.887011 0 0.461749 
vn -0.866025 0 0.5 
vn -0.906308 0 0.422618 
vn -0.887011 0 0.461749 
vn -0.92388 0 0.382683 
vn -0.906308 0 0.422618 
vn -0.939693 0 0.34202 
vn -0.92388 0 0.382683 
vn -0.953717 0 0.300706 
vn -0.939693 0 0.34202 
vn -0.965926 0 0.258819 
vn -0.953717 0 0.300706 
vn -0.976296 0 0.21644 
vn -0.965926 0 0.258819 
vn -0.984808 0 0.173648 
vn -0.976296 0 0.21644 
vn -0.991445 0 0.130526 
vn -0.984808 0 0.173648 
vn -0.996195 0 0.0871557 
vn -0.991445 0 0.130526 
vn -0.999048 0 0.0436194 
vn -0.996195 0 0.0871557 
vn -1 0 -1.22465e-16 
vn -0.999048 0 0.0436194 
vn -0.999048 0 -0.0436194 
vn -1 0 -1.22465e-16 
vn -0.996195 0 -0.0871557 
vn -0.999048 0 -0.0436194 
vn -0.991445 0 -0.130526 
vn -0.996195 0 -0.0871557 
vn -0.984808 0 -0.173648 
vn -0.991445 0 -0.130526 
vn -0.976296 0 -0.21644 
vn -0.984808 0 -0.173648 
vn -0.965926 0 -0.258819 
vn -0.976296 0 -0.21644 
vn -0.953717 0 -0.300706 
vn -0.965926 0 -0.258819 
vn -0.939693 0 -0.34202 
vn -0.953717 0 -0.300706 
vn -0.92388 0 -0.382683 
vn -0.939693 0 -0.34202 
vn -0.906308 0 -0.422618 
vn -0.92388 0 -0.382683 
vn -0.887011 0 -0.461749 
vn -0.906308 0 -0.422618 
vn -0.866025 0 -0.5 
vn -0.887011 0 -0.461749 
vn -0.843391 0 -0.5373 
vn -0.866025 0 -0.5 
vn -0.819152 0 -0.573576 
vn -0.843391 0 -0.5373 
vn -0.793353 0 -0.608761 
vn -0.819152 0 -0.573576 
vn -0.766044 0 -0.642788 
vn -0.793353 0 -0.608761 
vn -0.737277 0 -0.67559 
vn -0.766044 0 -0.642788 
vn -0.707107 0 -0.707107 
vn -0.737277 0 -0.67559 
vn -0.67559 0 -0.737277 
vn -0.707107 0 -0.707107 
vn -0.642788 0 -0.766044 
vn -0.67559 0 -0.737277 
vn -0.608761 0 -0.793353 
vn -0.642788 0 -0.766044 
vn -0.573576 0 -0.819152 
vn -0.608761 0 -0.793353 
vn -0.5373 0 -0.843391 
vn -0.573576 0 -0.819152 
vn -0.5 0 -0.866025 
vn -0.5373 0 -0.843391 
vn -0.461749 0 -0.887011 
vn -0.5 0 -0.866025 
vn -0.422618 0 -0.906308 
vn -0.461749 0 -0.887011 
vn -0.382683 0 -0.92388 
vn -0.422618 0 -0.906308 
vn -0.34202 0 -0.939693 
vn -0.382683 0 -0.92388 
vn -0.300706 0 -0.953717 
vn -0.34202 0 -0.939693 
vn -0.258819 0 -0.965926 
vn -0.300706 0 -0.953717 
vn -0.21644 0 -0.976296 
vn -0.258819 0 -0.965926 
vn -0.173648 0 -0.984808 
vn -0.21644 0 -0.976296 
vn -0.130526 0 -0.991445 
vn -0.173648 0 -0.984808 
vn -0.0871557 0 -0.996195 
vn -0.130526 0 -0.991445 
vn -0.0436194 0 -0.999048 
vn -0.0871557 0 -0.996195 
vn 6.12323e-17 0 -1 
vn -0.0436194 0 -0.999048 
vn 0.0436194 0 -0.999048 
vn 6.12323e-17 0 -1 
vn 0.0871557 0 -0.996195 
vn 0.0436194 0 -0.999048 
vn 0.130526 0 -0.991445 
vn 0.0871557 0 -0.996195 
vn 0.173648 0 -0.984808 
vn 0.130526 0 -0.991445 
vn 0.21644 0 -0.976296 
vn 0.173648 0 -0.984808 
vn 0.258819 0 -0.965926 
vn 0.21644 0 -0.976296 
vn 0.300706 0 -0.953717 
vn 0.258819 0 -0.965926 
vn 0.34202 0 -0.939693 
vn 0.300706 0 -0.953717 
vn 0.382683 0 -0.92388 
vn 0.34202 0 -0.939693 
vn 0.422618 0 -0.906308 
vn 0.382683 0 -0.92388 
vn 0.461749 0 -0.887011 
vn 0.422618 0 -0.906308 
vn 0.5 0 -0.866025 
vn 0.461749 0 -0.887011 
vn 0.5373 0 -0.843391 
vn 0.5 0 -0.866025 
vn 0.573576 0 -0.819152 
vn 0.5373 0 -0.843391 
vn 0.608761 0 -0.793353 
vn 0.573576 0 -0.819152 
vn 0.642788 0 -0.766044 
vn 0.608761 0 -0.793353 
vn 0.67559 0 -0.737277 
vn 0.642788 0 -0.766044 
vn 0.707107 0 -0.707107 
vn 0.67559 0 -0.737277 
vn 0.737277 0 -0.67559 
vn 0.707107 0 -0.707107 
vn 0.766044 0 -0.642788 
vn 0.737277 0 -0.67559 
vn 0.793353 0 -0.608761 
vn 0.766044 0 -0.642788 
vn 0.819152 0 -0.573576 
vn 0.793353 0 -0.608761 
vn 0.843391 0 -0.5373 
vn 0.819152 0 -0.573576 
vn 0.866025 0 -0.5 
vn 0.843391 0 -0.5373 
vn 0.887011 0 -0.461749 
vn 0.866025 0 -0.5 
vn 0.906308 0 -0.422618 
vn 0.887011 0 -0.461749 
vn 0.92388 0 -0.382683 
vn 0.906308 0 -0.422618 
vn 0.939693 0 -0.34202 
vn 0.92388 0 -0.382683 
vn 0.953717 0 -0.300706 
vn 0.939693 0 -0.34202 
vn 0.965926 0 -0.258819 
vn 0.953717 0 -0.300706 
vn 0.976296 0 -0.21644 
vn 0.965926 0 -0.258819 
vn 0.984808 0 -0.173648 
vn 0.976296 0 -0.21644 
vn 0.991445 0 -0.130526 
vn 0.984808 0 -0.173648 
vn 0.996195 0 -0.0871557 
vn 0.991445 0 -0.130526 
vn 0.999048 0 -0.0436194 
vn 0.996195 0 -0.0871557 
vn 0 -1 0 
vn 0.707107 0 0.707107 
vn -0.707107 0 -0.707107 
vn -1 0 0 
vn -0.707107 0 0.707107 
vn 0 0 1 
vn 0.707107 0 -0.707107 
vn 1 0 0 
vn 0.999048 0 0.0436194 
vn 0.996195 0 0.0871557 
vn 0.991445 0 0.130526 
vn 0.984808 0 0.173648 
vn 0.976296 0 0.21644 
vn 0.965926 0 0.258819 
vn 0.953717 0 0.300706 
vn 0.939693 0 0.34202 
vn 0.92388 0 0.382683 
vn 0.906308 0 0.422618 
vn 0.887011 0 0.461749 
vn 0.866025 0 0.5 
vn 0.843391 0 0.5373 
vn 0.819152 0 0.573576 
vn 0.793353 0 0.608761 
vn 0.766044 0 0.642788 
vn 0.737277 0 0.67559 
vn 0.707107 0 0.707107 
vn 0.67559 0 0.737277 
vn 0.642788 0 0.766044 
vn 0.608761 0 0.793353 
vn 0.573576 0 0.819152 
vn 0.5373 0 0.843391 
vn 0.5 0 0.866025 
vn 0.461749 0 0.887011 
vn 0.422618 0 0.906308 
vn 0.382683 0 0.92388 
vn 0.34202 0 0.939693 
vn 0.300706 0 0.953717 
vn 0.258819 0 0.965926 
vn 0.21644 0 0.976296 
vn 0.173648 0 0.984808 
vn 0.130526 0 0.991445 
vn 0.0871557 0 0.996195 
vn 0.0436194 0 0.999048 
vn -1.83697e-16 0 1 
vn -0.0436194 0 0.999048 
vn -0.0871557 0 0.996195 
vn -0.130526 0 0.991445 
vn -0.173648 0 0.984808 
vn -0.21644 0 0.976296 
vn -0.258819 0 0.965926 
vn -0.300706 0 0.953717 
vn -0.34202 0 0.939693 
vn -0.382683 0 0.92388 
vn -0.422618 0 0.906308 
vn -0.461749 0 0.887011 
vn -0.5 0 0.866025 
vn -0.5373 0 0.843391 
vn -0.573576 0 0.819152 
vn -0.608761 0 0.793353 
vn -0.642788 0 0.766044 
vn -0.67559 0 0.737277 
vn -0.707107 0 0.707107 
vn -0.737277 0 0.67559 
vn -0.766044 0 0.642788 
vn -0.793353 0 0.608761 
vn -0.819152 0 0.573576 
vn -0.843391 0 0.5373 
vn -0.866025 0 0.5 
vn -0.887011 0 0.461749 
vn -0.906308 0 0.422618 
vn -0.92388 0 0.382683 
vn -0.939693 0 0.34202 
vn -0.953717 0 0.300706 
vn -0.965926 0 0.258819 
vn -0.976296 0 0.21644 
vn -0.984808 0 0.173648 
vn -0.991445 0 0.130526 
vn -0.996195 0 0.0871557 
vn -0.999048 0 0.0436194 
vn -1 0 -1.22465e-16 
vn -0.999048 0 -0.0436194 
vn -0.996195 0 -0.0871557 
vn -0.991445 0 -0.130526 
vn -0.984808 0 -0.173648 
vn -0.976296 0 -0.21644 
vn -0.965926 0 -0.258819 
vn -0.953717 0 -0.300706 
vn -0.939693 0 -0.34202 
vn -0.92388 0 -0.382683 
vn -0.906308 0 -0.422618 
vn -0.887011 0 -0.461749 
vn -0.866025 0 -0.5 
vn -0.843391 0 -0.5373 
vn -0.819152 0 -0.573576 
vn -0.793353 0 -0.608761 
vn -0.766044 0 -0.642788 
vn -0.737277 0 -0.67559 
vn -0.707107 0 -0.707107 
vn -0.67559 0 -0.737277 
vn -0.642788 0 -0.766044 
vn -0.608761 0 -0.793353 
vn -0.573576 0 -0.819152 
vn -0.5373 0 -0.843391 
vn -0.5 0 -0.866025 
vn -0.461749 0 -0.887011 
vn -0.422618 0 -0.906308 
vn -0.382683 0 -0.92388 
vn -0.34202 0 -0.939693 
vn -0.300706 0 -0.953717 
vn -0.258819 0 -0.965926 
vn -0.21644 0 -0.976296 
vn -0.173648 0 -0.984808 
vn -0.130526 0 -0.991445 
vn -0.0871557 0 -0.996195 
vn -0.0436194 0 -0.999048 
vn 6.12323e-17 0 -1 
vn 0.0436194 0 -0.999048 
vn 0.0871557 0 -0.996195 
vn 0.130526 0 -0.991445 
vn 0.173648 0 -0.984808 
vn 0.21644 0 -0.976296 
vn 0.258819 0 -0.965926 
vn 0.300706 0 -0.953717 
vn 0.34202 0 -0.939693 
vn 0.382683 0 -0.92388 
vn 0.422618 0 -0.906308 
vn 0.461749 0 -0.887011 
vn 0.5 0 -0.866025 
vn 0.5373 0 -0.843391 
vn 0.573576 0 -0.819152 
vn 0.608761 0 -0.793353 
vn 0.642788 0 -0.766044 
vn 0.67559 0 -0.737277 
vn 0.707107 0 -0.707107 
vn 0.737277 0 -0.67559 
vn 0.766044 0 -0.642788 
vn 0.793353 0 -0.608761 
vn 0.819152 0 -0.573576 
vn 0.843391 0 -0.5373 
vn 0.866025 0 -0.5 
vn 0.887011 0 -0.461749 
vn 0.906308 0 -0.422618 
vn 0.92388 0 -0.382683 
vn 0.939693 0 -0.34202 
vn 0.953717 0 -0.300706 
vn 0.965926 0 -0.258819 
vn 0.976296 0 -0.21644 
vn 0.984808 0 -0.173648 
vn 0.991445 0 -0.130526 
vn 0.996195 0 -0.0871557 
vn 0.999048 0 -0.0436194 
vn 0 1 0 
vn -0.999048 0 -0.0436194 
vn -1 0 -2.44929e-16 
vn -0.996195 0 -0.0871557 
vn -0.999048 0 -0.0436194 
vn -0.991445 0 -0.130526 
vn -0.996195 0 -0.0871557 
vn -0.984808 0 -0.173648 
vn -0.991445 0 -0.130526 
vn -0.976296 0 -0.21644 
vn -0.984808 0 -0.173648 
vn -0.965926 0 -0.258819 
vn -0.976296 0 -0.21644 
vn -0.953717 0 -0.300706 
vn -0.965926 0 -0.258819 
vn -0.939693 0 -0.34202 
vn -0.953717 0 -0.300706 
vn -0.92388 0 -0.382683 
vn -0.939693 0 -0.34202 
vn -0.906308 0 -0.422618 
vn -0.92388 0 -0.382683 
vn -0.887011 0 -0.461749 
vn -0.906308 0 -0.422618 
vn -0.866025 0 -0.5 
vn -0.887011 0 -0.461749 
vn -0.843391 0 -0.5373 
vn -0.866025 0 -0.5 
vn -0.819152 0 -0.573576 
vn -0.843391 0 -0.5373 
vn -0.793353 0 -0.608761 
vn -0.819152 0 -0.573576 
vn -0.766044 0 -0.642788 
vn -0.793353 0 -0.608761 
vn -0.737277 0 -0.67559 
vn -0.766044 0 -0.642788 
vn -0.707107 0 -0.707107 
vn -0.737277 0 -0.67559 
vn -0.67559 0 -0.737277 
vn -0.707107 0 -0.707107 
vn -0.642788 0 -0.766044 
vn -0.67559 0 -0.737277 
vn -0.608761 0 -0.793353 
vn -0.642788 0 -0.766044 
vn -0.573576 0 -0.819152 
vn -0.608761 0 -0.793353 
vn -0.5373 0 -0.843391 
vn -0.573576 0 -0.819152 
vn -0.5 0 -0.866025 
vn -0.5373 0 -0.843391 
vn -0.461749 0 -0.887011 
vn -0.5 0 -0.866025 
vn -0.422618 0 -0.906308 
vn -0.461749 0 -0.887011 
vn -0.382683 0 -0.92388 
vn -0.422618 0 -0.906308 
vn -0.34202 0 -0.939693 
vn -0.382683 0 -0.92388 
vn -0.300706 0 -0.953717 
vn -0.34202 0 -0.939693 
vn -0.258819 0 -0.965926 
vn -0.300706 0 -0.953717 
vn -0.21644 0 -0.976296 
vn -0.258819 0 -0.965926 
vn -0.173648 0 -0.984808 
vn -0.21644 0 -0.976296 
vn -0.130526 0 -0.991445 
vn -0.173648 0 -0.984808 
vn -0.0871557 0 -0.996195 
vn -0.130526 0 -0.991445 
vn -0.0436194 0 -0.999048 
vn -0.0871557 0 -0.996195 
vn 1.07188e-15 0 -1 
vn -0.0436194 0 -0.999048 
vn 0.0436194 0 -0.999048 
vn 1.07188e-15 0 -1 
vn 0.0871557 0 -0.996195 
vn 0.0436194 0 -0.999048 
vn 0.130526 0 -0.991445 
vn 0.0871557 0 -0.996195 
vn 0.173648 0 -0.984808 
vn 0.130526 0 -0.991445 
vn 0.21644 0 -0.976296 
vn 0.173648 0 -0.984808 
vn 0.258819 0 -0.965926 
vn 0.21644 0 -0.976296 
vn 0.300706 0 -0.953717 
vn 0.258819 0 -0.965926 
vn 0.34202 0 -0.939693 
vn 0.300706 0 -0.953717 
vn 0.382683 0 -0.92388 
vn 0.34202 0 -0.939693 
vn 0.422618 0 -0.906308 
vn 0.382683 0 -0.92388 
vn 0.461749 0 -0.887011 
vn 0.422618 0 -0.906308 
vn 0.5 0 -0.866025 
vn 0.461749 0 -0.887011 
vn 0.5373 0 -0.843391 
vn 0.5 0 -0.866025 
vn 0.573576 0 -0.819152 
vn 0.5373 0 -0.843391 
vn 0.608761 0 -0.793353 
vn 0.573576 0 -0.819152 
vn 0.642788 0 -0.766044 
vn 0.608761 0 -0.793353 
vn 0.67559 0 -0.737277 
vn 0.642788 0 -0.766044 
vn 0.707107 0 -0.707107 
vn 0.67559 0 -0.737277 
vn 0.737277 0 -0.67559 
vn 0.707107 0 -0.707107 
vn 0.766044 0 -0.642788 
vn 0.737277 0 -0.67559 
vn 0.793353 0 -0.608761 
vn 0.766044 0 -0.642788 
vn 0.819152 0 -0.573576 
vn 0.793353 0 -0.608761 
vn 0.843391 0 -0.5373 
vn 0.819152 0 -0.573576 
vn 0.866025 0 -0.5 
vn 0.843391 0 -0.5373 
vn 0.887011 0 -0.461749 
vn 0.866025 0 -0.5 
vn 0.906308 0 -0.422618 
vn 0.887011 0 -0.461749 
vn 0.92388 0 -0.382683 
vn 0.906308 0 -0.422618 
vn 0.939693 0 -0.34202 
vn 0.92388 0 -0.382683 
vn 0.953717 0 -0.300706 
vn 0.939693 0 -0.34202 
vn 0.965926 0 -0.258819 
vn 0.953717 0 -0.300706 
vn 0.976296 0 -0.21644 
vn 0.965926 0 -0.258819 
vn 0.984808 0 -0.173648 
vn 0.976296 0 -0.21644 
vn 0.991445 0 -0.130526 
vn 0.984808 0 -0.173648 
vn 0.996195 0 -0.0871557 
vn 0.991445 0 -0.130526 
vn 0.999048 0 -0.0436194 
vn 0.996195 0 -0.0871557 
vn 1 0 1.22465e-16 
vn 0.999048 0 -0.0436194 
vn 0.999048 0 0.0436194 
vn 1 0 1.22465e-16 
vn 0.996195 0 0.0871557 
vn 0.999048 0 0.0436194 
vn 0.991445 0 0.130526 
vn 0.996195 0 0.0871557 
vn 0.984808 0 0.173648 
vn 0.991445 0 0.130526 
vn 0.976296 0 0.21644 
vn 0.984808 0 0.173648 
vn 0.965926 0 0.258819 
vn 0.976296 0 0.21644 
vn 0.953717 0 0.300706 
vn 0.965926 0 0.258819 
vn 0.939693 0 0.34202 
vn 0.953717 0 0.300706 
vn 0.92388 0 0.382683 
vn 0.939693 0 0.34202 
vn 0.906308 0 0.422618 
vn 0.92388 0 0.382683 
vn 0.887011 0 0.461749 
vn 0.906308 0 0.422618 
vn 0.866025 0 0.5 
vn 0.887011 0 0.461749 
vn 0.843391 0 0.5373 
vn 0.866025 0 0.5 
vn 0.819152 0 0.573576 
vn 0.843391 0 0.5373 
vn 0.793353 0 0.608761 
vn 0.819152 0 0.573576 
vn 0.766044 0 0.642788 
vn 0.793353 0 0.608761 
vn 0.737277 0 0.67559 
vn 0.766044 0 0.642788 
vn 0.707107 0 0.707107 
vn 0.737277 0 0.67559 
vn 0.67559 0 0.737277 
vn 0.707107 0 0.707107 
vn 0.642788 0 0.766044 
vn 0.67559 0 0.737277 
vn 0.608761 0 0.793353 
vn 0.642788 0 0.766044 
vn 0.573576 0 0.819152 
vn 0.608761 0 0.793353 
vn 0.5373 0 0.843391 
vn 0.573576 0 0.819152 
vn 0.5 0 0.866025 
vn 0.5373 0 0.843391 
vn 0.461749 0 0.887011 
vn 0.5 0 0.866025 
vn 0.422618 0 0.906308 
vn 0.461749 0 0.887011 
vn 0.382683 0 0.92388 
vn 0.422618 0 0.906308 
vn 0.34202 0 0.939693 
vn 0.382683 0 0.92388 
vn 0.300706 0 0.953717 
vn 0.34202 0 0.939693 
vn 0.258819 0 0.965926 
vn 0.300706 0 0.953717 
vn 0.21644 0 0.976296 
vn 0.258819 0 0.965926 
vn 0.173648 0 0.984808 
vn 0.21644 0 0.976296 
vn 0.130526 0 0.991445 
vn 0.173648 0 0.984808 
vn 0.0871557 0 0.996195 
vn 0.130526 0 0.991445 
vn 0.0436194 0 0.999048 
vn 0.0871557 0 0.996195 
vn -6.12323e-17 0 1 
vn 0.0436194 0 0.999048 
vn -0.0436194 0 0.999048 
vn -6.12323e-17 0 1 
vn -0.0871557 0 0.996195 
vn -0.0436194 0 0.999048 
vn -0.130526 0 0.991445 
vn -0.0871557 0 0.996195 
vn -0.173648 0 0.984808 
vn -0.130526 0 0.991445 
vn -0.21644 0 0.976296 
vn -0.173648 0 0.984808 
vn -0.258819 0 0.965926 
vn -0.21644 0 0.976296 
vn -0.300706 0 0.953717 
vn -0.258819 0 0.965926 
vn -0.34202 0 0.939693 
vn -0.300706 0 0.953717 
vn -0.382683 0 0.92388 
vn -0.34202 0 0.939693 
vn -0.422618 0 0.906308 
vn -0.382683 0 0.92388 
vn -0.461749 0 0.887011 
vn -0.422618 0 0.906308 
vn -0.5 0 0.866025 
vn -0.461749 0 0.887011 
vn -0.5373 0 0.843391 
vn -0.5 0 0.866025 
vn -0.573576 0 0.819152 
vn -0.5373 0 0.843391 
vn -0.608761 0 0.793353 
vn -0.573576 0 0.819152 
vn -0.642788 0 0.766044 
vn -0.608761 0 0.793353 
vn -0.67559 0 0.737277 
vn -0.642788 0 0.766044 
vn -0.707107 0 0.707107 
vn -0.67559 0 0.737277 
vn -0.737277 0 0.67559 
vn -0.707107 0 0.707107 
vn -0.766044 0 0.642788 
vn -0.737277 0 0.67559 
vn -0.793353 0 0.608761 
vn -0.766044 0 0.642788 
vn -0.819152 0 0.573576 
vn -0.793353 0 0.608761 
vn -0.843391 0 0.5373 
vn -0.819152 0 0.573576 
vn -0.866025 0 0.5 
vn -0.843391 0 0.5373 
vn -0.887011 0 0.461749 
vn -0.866025 0 0.5 
vn -0.906308 0 0.422618 
vn -0.887011 0 0.461749 
vn -0.92388 0 0.382683 
vn -0.906308 0 0.422618 
vn -0.939693 0 0.34202 
vn -0.92388 0 0.382683 
vn -0.953717 0 0.300706 
vn -0.939693 0 0.34202 
vn -0.965926 0 0.258819 
vn -0.953717 0 0.300706 
vn -0.976296 0 0.21644 
vn -0.965926 0 0.258819 
vn -0.984808 0 0.173648 
vn -0.976296 0 0.21644 
vn -0.991445 0 0.130526 
vn -0.984808 0 0.173648 
vn -0.996195 0 0.0871557 
vn -0.991445 0 0.130526 
vn -0.999048 0 0.0436194 
vn -0.996195 0 0.0871557 
vn 0.999048 0 0.0436194 
vn 1 0 2.44929e-16 
vn 0.996195 0 0.0871557 
vn 0.999048 0 0.0436194 
vn 0.991445 0 0.130526 
vn 0.996195 0 0.0871557 
vn 0.984808 0 0.173648 
vn 0.991445 0 0.130526 
vn 0.976296 0 0.21644 
vn 0.984808 0 0.173648 
vn 0.965926 0 0.258819 
vn 0.976296 0 0.21644 
vn 0.953717 0 0.300706 
vn 0.965926 0 0.258819 
vn 0.939693 0 0.34202 
vn 0.953717 0 0.300706 
vn 0.92388 0 0.382683 
vn 0.939693 0 0.34202 
vn 0.906308 0 0.422618 
vn 0.92388 0 0.382683 
vn 0.887011 0 0.461749 
vn 0.906308 0 0.422618 
vn 0.866025 0 0.5 
vn 0.887011 0 0.461749 
vn 0.843391 0 0.5373 
vn 0.866025 0 0.5 
vn 0.819152 0 0.573576 
vn 0.843391 0 0.5373 
vn 0.793353 0 0.608761 
vn 0.819152 0 0.573576 
vn 0.766044 0 0.642788 
vn 0.793353 0 0.608761 
vn 0.737277 0 0.67559 
vn 0.766044 0 0.642788 
vn 0.707107 0 0.707107 
vn 0.737277 0 0.67559 
vn 0.67559 0 0.737277 
vn 0.707107 0 0.707107 
vn 0.642788 0 0.766044 
vn 0.67559 0 0.737277 
vn 0.608761 0 0.793353 
vn 0.642788 0 0.766044 
vn 0.573576 0 0.819152 
vn 0.608761 0 0.793353 
vn 0.5373 0 0.843391 
vn 0.573576 0 0.819152 
vn 0.5 0 0.866025 
vn 0.5373 0 0.843391 
vn 0.461749 0 0.887011 
vn 0.5 0 0.866025 
vn 0.422618 0 0.906308 
vn 0.461749 0 0.887011 
vn 0.382683 0 0.92388 
vn 0.422618 0 0.906308 
vn 0.34202 0 0.939693 
vn 0.382683 0 0.92388 
vn 0.300706 0 0.953717 
vn 0.34202 0 0.939693 
vn 0.258819 0 0.965926 
vn 0.300706 0 0.953717 
vn 0.21644 0 0.976296 
vn 0.258819 0 0.965926 
vn 0.173648 0 0.984808 
vn 0.21644 0 0.976296 
vn 0.130526 0 0.991445 
vn 0.173648 0 0.984808 
vn 0.0871557 0 0.996195 
vn 0.130526 0 0.991445 
vn 0.0436194 0 0.999048 
vn 0.0871557 0 0.996195 
vn -1.83697e-16 0 1 
vn 0.0436194 0 0.999048 
vn -0.0436194 0 0.999048 
vn -1.83697e-16 0 1 
vn -0.0871557 0 0.996195 
vn -0.0436194 0 0.999048 
vn -0.130526 0 0.991445 
vn -0.0871557 0 0.996195 
vn -0.173648 0 0.984808 
vn -0.130526 0 0.991445 
vn -0.21644 0 0.976296 
vn -0.173648 0 0.984808 
vn -0.258819 0 0.965926 
vn -0.21644 0 0.976296 
vn -0.300706 0 0.953717 
vn -0.258819 0 0.965926 
vn -0.34202 0 0.939693 
vn -0.300706 0 0.953717 
vn -0.382683 0 0.92388 
vn -0.34202 0 0.939693 
vn -0.422618 0 0.906308 
vn -0.382683 0 0.92388 
vn -0.461749 0 0.887011 
vn -0.422618 0 0.906308 
vn -0.5 0 0.866025 
vn -0.461749 0 0.887011 
vn -0.5373 0 0.843391 
vn -0.5 0 0.866025 
vn -0.573576 0 0.819152 
vn -0.5373 0 0.843391 
vn -0.608761 0 0.793353 
vn -0.573576 0 0.819152 
vn -0.642788 0 0.766044 
vn -0.608761 0 0.793353 
vn -0.67559 0 0.737277 
vn -0.642788 0 0.766044 
vn -0.707107 0 0.707107 
vn -0.67559 0 0.737277 
vn -0.737277 0 0.67559 
vn -0.707107 0 0.707107 
vn -0.766044 0 0.642788 
vn -0.737277 0 0.67559 
vn -0.793353 0 0.608761 
vn -0.766044 0 0.642788 
vn -0.819152 0 0.573576 
vn -0.793353 0 0.608761 
vn -0.843391 0 0.5373 
vn -0.819152 0 0.573576 
vn -0.866025 0 0.5 
vn -0.843391 0 0.5373 
vn -0.887011 0 0.461749 
vn -0.866025 0 0.5 
vn -0.906308 0 0.422618 
vn -0.887011 0 0.461749 
vn -0.92388 0 0.382683 
vn -0.906308 0 0.422618 
vn -0.939693 0 0.34202 
vn -0.92388 0 0.382683 
vn -0.953717 0 0.300706 
vn -0.939693 0 0.34202 
vn -0.965926 0 0.258819 
vn -0.953717 0 0.300706 
vn -0.976296 0 0.21644 
vn -0.965926 0 0.258819 
vn -0.984808 0 0.173648 
vn -0.976296 0 0.21644 
vn -0.991445 0 0.130526 
vn -0.984808 0 0.173648 
vn -0.996195 0 0.0871557 
vn -0.991445 0 0.130526 
vn -0.999048 0 0.0436194 
vn -0.996195 0 0.0871557 
vn -1 0 -1.22465e-16 
vn -0.999048 0 0.0436194 
vn -0.999048 0 -0.0436194 
vn -1 0 -1.22465e-16 
vn -0.996195 0 -0.0871557 
vn -0.999048 0 -0.0436194 
vn -0.991445 0 -0.130526 
vn -0.996195 0 -0.0871557 
vn -0.984808 0 -0.173648 
vn -0.991445 0 -0.130526 
vn -0.976296 0 -0.21644 
vn -0.984808 0 -0.173648 
vn -0.965926 0 -0.258819 
vn -0.976296 0 -0.21644 
vn -0.953717 0 -0.300706 
vn -0.965926 0 -0.258819 
vn -0.939693 0 -0.34202 
vn -0.953717 0 -0.300706 
vn -0.92388 0 -0.382683 
vn -0.939693 0 -0.34202 
vn -0.906308 0 -0.422618 
vn -0.92388 0 -0.382683 
vn -0.887011 0 -0.461749 
vn -0.906308 0 -0.422618 
vn -0.866025 0 -0.5 
vn -0.887011 0 -0.461749 
vn -0.843391 0 -0.5373 
vn -0.866025 0 -0.5 
vn -0.819152 0 -0.573576 
vn -0.843391 0 -0.5373 
vn -0.793353 0 -0.608761 
vn -0.819152 0 -0.573576 
vn -0.766044 0 -0.642788 
vn -0.793353 0 -0.608761 
vn -0.737277 0 -0.67559 
vn -0.766044 0 -0.642788 
vn -0.707107 0 -0.707107 
vn -0.737277 0 -0.67559 
vn -0.67559 0 -0.737277 
vn -0.707107 0 -0.707107 
vn -0.642788 0 -0.766044 
vn -0.67559 0 -0.737277 
vn -0.608761 0 -0.793353 
vn -0.642788 0 -0.766044 
vn -0.573576 0 -0.819152 
vn -0.608761 0 -0.793353 
vn -0.5373 0 -0.843391 
vn -0.573576 0 -0.819152 
vn -0.5 0 -0.866025 
vn -0.5373 0 -0.843391 
vn -0.461749 0 -0.887011 
vn -0.5 0 -0.866025 
vn -0.422618 0 -0.906308 
vn -0.461749 0 -0.887011 
vn -0.382683 0 -0.92388 
vn -0.422618 0 -0.906308 
vn -0.34202 0 -0.939693 
vn -0.382683 0 -0.92388 
vn -0.300706 0 -0.953717 
vn -0.34202 0 -0.939693 
vn -0.258819 0 -0.965926 
vn -0.300706 0 -0.953717 
vn -0.21644 0 -0.976296 
vn -0.258819 0 -0.965926 
vn -0.173648 0 -0.984808 
vn -0.21644 0 -0.976296 
vn -0.130526 0 -0.991445 
vn -0.173648 0 -0.984808 
vn -0.0871557 0 -0.996195 
vn -0.130526 0 -0.991445 
vn -0.0436194 0 -0.999048 
vn -0.0871557 0 -0.996195 
vn 6.12323e-17 0 -1 
vn -0.0436194 0 -0.999048 
vn 0.0436194 0 -0.999048 
vn 6.12323e-17 0 -1 
vn 0.0871557 0 -0.996195 
vn 0.0436194 0 -0.999048 
vn 0.130526 0 -0.991445 
vn 0.0871557 0 -0.996195 
vn 0.173648 0 -0.984808 
vn 0.130526 0 -0.991445 
vn 0.21644 0 -0.976296 
vn 0.173648 0 -0.984808 
vn 0.258819 0 -0.965926 
vn 0.21644 0 -0.976296 
vn 0.300706 0 -0.953717 
vn 0.258819 0 -0.965926 
vn 0.34202 0 -0.939693 
vn 0.300706 0 -0.953717 
vn 0.382683 0 -0.92388 
vn 0.34202 0 -0.939693 
vn 0.422618 0 -0.906308 
vn 0.382683 0 -0.92388 
vn 0.461749 0 -0.887011 
vn 0.422618 0 -0.906308 
vn 0.5 0 -0.866025 
vn 0.461749 0 -0.887011 
vn 0.5373 0 -0.843391 
vn 0.5 0 -0.866025 
vn 0.573576 0 -0.819152 
vn 0.5373 0 -0.843391 
vn 0.608761 0 -0.793353 
vn 0.573576 0 -0.819152 
vn 0.642788 0 -0.766044 
vn 0.608761 0 -0.793353 
vn 0.67559 0 -0.737277 
vn 0.642788 0 -0.766044 
vn 0.707107 0 -0.707107 
vn 0.67559 0 -0.737277 
vn 0.737277 0 -0.67559 
vn 0.707107 0 -0.707107 
vn 0.766044 0 -0.642788 
vn 0.737277 0 -0.67559 
vn 0.793353 0 -0.608761 
vn 0.766044 0 -0.642788 
vn 0.819152 0 -0.573576 
vn 0.793353 0 -0.608761 
vn 0.843391 0 -0.5373 
vn 0.819152 0 -0.573576 
vn 0.866025 0 -0.5 
vn 0.843391 0 -0.5373 
vn 0.887011 0 -0.461749 
vn 0.866025 0 -0.5 
vn 0.906308 0 -0.422618 
vn 0.887011 0 -0.461749 
vn 0.92388 0 -0.382683 
vn 0.906308 0 -0.422618 
vn 0.939693 0 -0.34202 
vn 0.92388 0 -0.382683 
vn 0.953717 0 -0.300706 
vn 0.939693 0 -0.34202 
vn 0.965926 0 -0.258819 
vn 0.953717 0 -0.300706 
vn 0.976296 0 -0.21644 
vn 0.965926 0 -0.258819 
vn 0.984808 0 -0.173648 
vn 0.976296 0 -0.21644 
vn 0.991445 0 -0.130526 
vn 0.984808 0 -0.173648 
vn 0.996195 0 -0.0871557 
vn 0.991445 0 -0.130526 
vn 0.999048 0 -0.0436194 
vn 0.996195 0 -0.0871557 
vn 0.999048 0 0.0436194 
vn 1 0 2.44929e-16 
vn 0.996195 0 0.0871557 
vn 0.999048 0 0.0436194 
vn 0.991445 0 0.130526 
vn 0.996195 0 0.0871557 
vn 0.984808 0 0.173648 
vn 0.991445 0 0.130526 
vn 0.976296 0 0.21644 
vn 0.984808 0 0.173648 
vn 0.965926 0 0.258819 
vn 0.976296 0 0.21644 
vn 0.953717 0 0.300706 
vn 0.965926 0 0.258819 
vn 0.939693 0 0.34202 
vn 0.953717 0 0.300706 
vn 0.92388 0 0.382683 
vn 0.939693 0 0.34202 
vn 0.906308 0 0.422618 
vn 0.92388 0 0.382683 
vn 0.887011 0 0.461749 
vn 0.906308 0 0.422618 
vn 0.866025 0 0.5 
vn 0.887011 0 0.461749 
vn 0.843391 0 0.5373 
vn 0.866025 0 0.5 
vn 0.819152 0 0.573576 
vn 0.843391 0 0.5373 
vn 0.793353 0 0.608761 
vn 0.819152 0 0.573576 
vn 0.766044 0 0.642788 
vn 0.793353 0 0.608761 
vn 0.737277 0 0.67559 
vn 0.766044 0 0.642788 
vn 0.707107 0 0.707107 
vn 0.737277 0 0.67559 
vn 0.67559 0 0.737277 
vn 0.707107 0 0.707107 
vn 0.642788 0 0.766044 
vn 0.67559 0 0.737277 
vn 0.608761 0 0.793353 
vn 0.642788 0 0.766044 
vn 0.573576 0 0.819152 
vn 0.608761 0 0.793353 
vn 0.5373 0 0.843391 
vn 0.573576 0 0.819152 
vn 0.5 0 0.866025 
vn 0.5373 0 0.843391 
vn 0.461749 0 0.887011 
vn 0.5 0 0.866025 
vn 0.422618 0 0.906308 
vn 0.461749 0 0.887011 
vn 0.382683 0 0.92388 
vn 0.422618 0 0.906308 
vn 0.34202 0 0.939693 
vn 0.382683 0 0.92388 
vn 0.300706 0 0.953717 
vn 0.34202 0 0.939693 
vn 0.258819 0 0.965926 
vn 0.300706 0 0.953717 
vn 0.21644 0 0.976296 
vn 0.258819 0 0.965926 
vn 0.173648 0 0.984808 
vn 0.21644 0 0.976296 
vn 0.130526 0 0.991445 
vn 0.173648 0 0.984808 
vn 0.0871557 0 0.996195 
vn 0.130526 0 0.991445 
vn 0.0436194 0 0.999048 
vn 0.0871557 0 0.996195 
vn -1.83697e-16 0 1 
vn 0.0436194 0 0.999048 
vn -0.0436194 0 0.999048 
vn -1.83697e-16 0 1 
vn -0.0871557 0 0.996195 
vn -0.0436194 0 0.999048 
vn -0.130526 0 0.991445 
vn -0.0871557 0 0.996195 
vn -0.173648 0 0.984808 
vn -0.130526 0 0.991445 
vn -0.21644 0 0.976296 
vn -0.173648 0 0.984808 
vn -0.258819 0 0.965926 
vn -0.21644 0 0.976296 
vn -0.300706 0 0.953717 
vn -0.258819 0 0.965926 
vn -0.34202 0 0.939693 
vn -0.300706 0 0.953717 
vn -0.382683 0 0.92388 
vn -0.34202 0 0.939693 
vn -0.422618 0 0.906308 
vn -0.382683 0 0.92388 
vn -0.461749 0 0.887011 
vn -0.422618 0 0.906308 
vn -0.5 0 0.866025 
vn -0.461749 0 0.887011 
vn -0.5373 0 0.843391 
vn -0.5 0 0.866025 
vn -0.573576 0 0.819152 
vn -0.5373 0 0.843391 
vn -0.608761 0 0.793353 
vn -0.573576 0 0.819152 
vn -0.642788 0 0.766044 
vn -0.608761 0 0.793353 
vn -0.67559 0 0.737277 
vn -0.642788 0 0.766044 
vn -0.707107 0 0.707107 
vn -0.67559 0 0.737277 
vn -0.737277 0 0.67559 
vn -0.707107 0 0.707107 
vn -0.766044 0 0.642788 
vn -0.737277 0 0.67559 
vn -0.793353 0 0.608761 
vn -0.766044 0 0.642788 
vn -0.819152 0 0.573576 
vn -0.793353 0 0.608761 
vn -0.843391 0 0.5373 
vn -0.819152 0 0.573576 
vn -0.866025 0 0.5 
vn -0.843391 0 0.5373 
vn -0.887011 0 0.461749 
vn -0.866025 0 0.5 
vn -0.906308 0 0.422618 
vn -0.887011 0 0.461749 
vn -0.92388 0 0.382683 
vn -0.906308 0 0.422618 
vn -0.939693 0 0.34202 
vn -0.92388 0 0.382683 
vn -0.953717 0 0.300706 
vn -0.939693 0 0.34202 
vn -0.965926 0 0.258819 
vn -0.953717 0 0.300706 
vn -0.976296 0 0.21644 
vn -0.965926 0 0.258819 
vn -0.984808 0 0.173648 
vn -0.976296 0 0.21644 
vn -0.991445 0 0.130526 
vn -0.984808 0 0.173648 
vn -0.996195 0 0.0871557 
vn -0.991445 0 0.130526 
vn -0.999048 0 0.0436194 
vn -0.996195 0 0.0871557 
vn -1 0 -1.22465e-16 
vn -0.999048 0 0.0436194 
vn -0.999048 0 -0.0436194 
vn -1 0 -1.22465e-16 
vn -0.996195 0 -0.0871557 
vn -0.999048 0 -0.0436194 
vn -0.991445 0 -0.130526 
vn -0.996195 0 -0.0871557 
vn -0.984808 0 -0.173648 
vn -0.991445 0 -0.130526 
vn -0.976296 0 -0.21644 
vn -0.984808 0 -0.173648 
vn -0.965926 0 -0.258819 
vn -0.976296 0 -0.21644 
vn -0.953717 0 -0.300706 
vn -0.965926 0 -0.258819 
vn -0.939693 0 -0.34202 
vn -0.953717 0 -0.300706 
vn -0.92388 0 -0.382683 
vn -0.939693 0 -0.34202 
vn -0.906308 0 -0.422618 
vn -0.92388 0 -0.382683 
vn -0.887011 0 -0.461749 
vn -0.906308 0 -0.422618 
vn -0.866025 0 -0.5 
vn -0.887011 0 -0.461749 
vn -0.843391 0 -0.5373 
vn -0.866025 0 -0.5 
vn -0.819152 0 -0.573576 
vn -0.843391 0 -0.5373 
vn -0.793353 0 -0.608761 
vn -0.819152 0 -0.573576 
vn -0.766044 0 -0.642788 
vn -0.793353 0 -0.608761 
vn -0.737277 0 -0.67559 
vn -0.766044 0 -0.642788 
vn -0.707107 0 -0.707107 
vn -0.737277 0 -0.67559 
vn -0.67559 0 -0.737277 
vn -0.707107 0 -0.707107 
vn -0.642788 0 -0.766044 
vn -0.67559 0 -0.737277 
vn -0.608761 0 -0.793353 
vn -0.642788 0 -0.766044 
vn -0.573576 0 -0.819152 
vn -0.608761 0 -0.793353 
vn -0.5373 0 -0.843391 
vn -0.573576 0 -0.819152 
vn -0.5 0 -0.866025 
vn -0.5373 0 -0.843391 
vn -0.461749 0 -0.887011 
vn -0.5 0 -0.866025 
vn -0.422618 0 -0.906308 
vn -0.461749 0 -0.887011 
vn -0.382683 0 -0.92388 
vn -0.422618 0 -0.906308 
vn -0.34202 0 -0.939693 
vn -0.382683 0 -0.92388 
vn -0.300706 0 -0.953717 
vn -0.34202 0 -0.939693 
vn -0.258819 0 -0.965926 
vn -0.300706 0 -0.953717 
vn -0.21644 0 -0.976296 
vn -0.258819 0 -0.965926 
vn -0.173648 0 -0.984808 
vn -0.21644 0 -0.976296 
vn -0.130526 0 -0.991445 
vn -0.173648 0 -0.984808 
vn -0.0871557 0 -0.996195 
vn -0.130526 0 -0.991445 
vn -0.0436194 0 -0.999048 
vn -0.0871557 0 -0.996195 
vn 6.12323e-17 0 -1 
vn -0.0436194 0 -0.999048 
vn 0.0436194 0 -0.999048 
vn 6.12323e-17 0 -1 
vn 0.0871557 0 -0.996195 
vn 0.0436194 0 -0.999048 
vn 0.130526 0 -0.991445 
vn 0.0871557 0 -0.996195 
vn 0.173648 0 -0.984808 
vn 0.130526 0 -0.991445 
vn 0.21644 0 -0.976296 
vn 0.173648 0 -0.984808 
vn 0.258819 0 -0.965926 
vn 0.21644 0 -0.976296 
vn 0.300706 0 -0.953717 
vn 0.258819 0 -0.965926 
vn 0.34202 0 -0.939693 
vn 0.300706 0 -0.953717 
vn 0.382683 0 -0.92388 
vn 0.34202 0 -0.939693 
vn 0.422618 0 -0.906308 
vn 0.382683 0 -0.92388 
vn 0.461749 0 -0.887011 
vn 0.422618 0 -0.906308 
vn 0.5 0 -0.866025 
vn 0.461749 0 -0.887011 
vn 0.5373 0 -0.843391 
vn 0.5 0 -0.866025 
vn 0.573576 0 -0.819152 
vn 0.5373 0 -0.843391 
vn 0.608761 0 -0.793353 
vn 0.573576 0 -0.819152 
vn 0.642788 0 -0.766044 
vn 0.608761 0 -0.793353 
vn 0.67559 0 -0.737277 
vn 0.642788 0 -0.766044 
vn 0.707107 0 -0.707107 
vn 0.67559 0 -0.737277 
vn 0.737277 0 -0.67559 
vn 0.707107 0 -0.707107 
vn 0.766044 0 -0.642788 
vn 0.737277 0 -0.67559 
vn 0.793353 0 -0.608761 
vn 0.766044 0 -0.642788 
vn 0.819152 0 -0.573576 
vn 0.793353 0 -0.608761 
vn 0.843391 0 -0.5373 
vn 0.819152 0 -0.573576 
vn 0.866025 0 -0.5 
vn 0.843391 0 -0.5373 
vn 0.887011 0 -0.461749 
vn 0.866025 0 -0.5 
vn 0.906308 0 -0.422618 
vn 0.887011 0 -0.461749 
vn 0.92388 0 -0.382683 
vn 0.906308 0 -0.422618 
vn 0.939693 0 -0.34202 
vn 0.92388 0 -0.382683 
vn 0.953717 0 -0.300706 
vn 0.939693 0 -0.34202 
vn 0.965926 0 -0.258819 
vn 0.953717 0 -0.300706 
vn 0.976296 0 -0.21644 
vn 0.965926 0 -0.258819 
vn 0.984808 0 -0.173648 
vn 0.976296 0 -0.21644 
vn 0.991445 0 -0.130526 
vn 0.984808 0 -0.173648 
vn 0.996195 0 -0.0871557 
vn 0.991445 0 -0.130526 
vn 0.999048 0 -0.0436194 
vn 0.996195 0 -0.0871557 
vn 0 1 0 
vn -1 0 0 
vn -0.999074 0 -0.0430222 
vn -0.996298 0 -0.0859648 
vn -0.991677 0 -0.128748 
vn -0.98522 0 -0.171293 
vn -0.976938 0 -0.213521 
vn -0.966848 0 -0.255353 
vn -0.954967 0 -0.296713 
vn -0.941317 0 -0.337523 
vn -0.925925 0 -0.377708 
vn -0.908818 0 -0.417194 
vn -0.890028 0 -0.455907 
vn -0.869589 0 -0.493776 
vn -0.847541 0 -0.53073 
vn -0.823923 0 -0.566702 
vn -0.798779 0 -0.601624 
vn -0.772157 0 -0.635432 
vn -0.744104 0 -0.668064 
vn -0.714673 0 -0.699458 
vn -0.683919 0 -0.729558 
vn -0.651899 0 -0.758306 
vn -0.618671 0 -0.78565 
vn -0.584298 0 -0.811539 
vn -0.548843 0 -0.835925 
vn -0.512371 0 -0.858764 
vn -0.474951 0 -0.880012 
vn -0.436651 0 -0.899631 
vn -0.397543 0 -0.917584 
vn -0.357698 0 -0.933837 
vn -0.317191 0 -0.948362 
vn -0.276097 0 -0.96113 
vn -0.234491 0 -0.972118 
vn -0.192452 0 -0.981306 
vn -0.150055 0 -0.988678 
vn -0.107381 0 -0.994218 
vn -0.0645084 0 -0.997917 
vn -0.0215161 0 -0.999769 
vn 0.0215161 0 -0.999769 
vn 0.0645084 0 -0.997917 
vn 0.107381 0 -0.994218 
vn 0.150055 0 -0.988678 
vn 0.192452 0 -0.981306 
vn 0.234491 0 -0.972118 
vn 0.276097 0 -0.96113 
vn 0.317191 0 -0.948362 
vn 0.357698 0 -0.933837 
vn 0.397543 0 -0.917584 
vn 0.436651 0 -0.899631 
vn 0.474951 0 -0.880012 
vn 0.512371 0 -0.858764 
vn 0.548843 0 -0.835925 
vn 0.584298 0 -0.811539 
vn 0.618671 0 -0.78565 
vn 0.651899 0 -0.758306 
vn 0.683919 0 -0.729558 
vn 0.714673 0 -0.699458 
vn 0.744104 0 -0.668064 
vn 0.772157 0 -0.635432 
vn 0.798779 0 -0.601624 
vn 0.823923 0 -0.566702 
vn 0.847541 0 -0.53073 
vn 0.869589 0 -0.493776 
vn 0.890028 0 -0.455907 
vn 0.908818 0 -0.417194 
vn 0.925925 0 -0.377708 
vn 0.941317 0 -0.337523 
vn 0.954967 0 -0.296713 
vn 0.966848 0 -0.255353 
vn 0.976938 0 -0.213521 
vn 0.98522 0 -0.171293 
vn 0.991677 0 -0.128748 
vn 0.996298 0 -0.0859648 
vn 0.999074 0 -0.0430222 
vn 1 0 3.33079e-12 
vn 0 0 -1 
vn 0 1 0 
vn -1 0 0 
vn -0.999074 0 -0.0430222 
vn -0.996298 0 -0.0859648 
vn -0.991677 0 -0.128748 
vn -0.98522 0 -0.171293 
vn -0.976938 0 -0.213521 
vn -0.966848 0 -0.255353 
vn -0.954967 0 -0.296713 
vn -0.941317 0 -0.337523 
vn -0.925925 0 -0.377708 
vn -0.908818 0 -0.417194 
vn -0.890028 0 -0.455907 
vn -0.869589 0 -0.493776 
vn -0.847541 0 -0.53073 
vn -0.823923 0 -0.566702 
vn -0.798779 0 -0.601624 
vn -0.772157 0 -0.635432 
vn -0.744104 0 -0.668064 
vn -0.714673 0 -0.699458 
vn -0.683919 0 -0.729558 
vn -0.651899 0 -0.758306 
vn -0.618671 0 -0.78565 
vn -0.584298 0 -0.811539 
vn -0.548843 0 -0.835925 
vn -0.512371 0 -0.858764 
vn -0.474951 0 -0.880012 
vn -0.436651 0 -0.899631 
vn -0.397543 0 -0.917584 
vn -0.357698 0 -0.933837 
vn -0.317191 0 -0.948362 
vn -0.276097 0 -0.96113 
vn -0.234491 0 -0.972118 
vn -0.192452 0 -0.981306 
vn -0.150055 0 -0.988678 
vn -0.107381 0 -0.994218 
vn -0.0645084 0 -0.997917 
vn -0.0215161 0 -0.999769 
vn 0.0215161 0 -0.999769 
vn 0.0645084 0 -0.997917 
vn 0.107381 0 -0.994218 
vn 0.150055 0 -0.988678 
vn 0.192452 0 -0.981306 
vn 0.234491 0 -0.972118 
vn 0.276097 0 -0.96113 
vn 0.317191 0 -0.948362 
vn 0.357698 0 -0.933837 
vn 0.397543 0 -0.917584 
vn 0.436651 0 -0.899631 
vn 0.474951 0 -0.880012 
vn 0.512371 0 -0.858764 
vn 0.548843 0 -0.835925 
vn 0.584298 0 -0.811539 
vn 0.618671 0 -0.78565 
vn 0.651899 0 -0.758306 
vn 0.683919 0 -0.729558 
vn 0.714673 0 -0.699458 
vn 0.744104 0 -0.668064 
vn 0.772157 0 -0.635432 
vn 0.798779 0 -0.601624 
vn 0.823923 0 -0.566702 
vn 0.847541 0 -0.53073 
vn 0.869589 0 -0.493776 
vn 0.890028 0 -0.455907 
vn 0.908818 0 -0.417194 
vn 0.925925 0 -0.377708 
vn 0.941317 0 -0.337523 
vn 0.954967 0 -0.296713 
vn 0.966848 0 -0.255353 
vn 0.976938 0 -0.213521 
vn 0.98522 0 -0.171293 
vn 0.991677 0 -0.128748 
vn 0.996298 0 -0.0859648 
vn 0.999074 0 -0.0430222 
vn 1 0 3.33079e-12 
usemtl 0.850980_0.756863_0.870588_0.000000_0.000000
o mesh0
f 1//1 2//2 3//2 
f 4//3 1//1 5//4 
f 6//5 4//3 7//6 
f 8//7 6//5 9//8 
f 10//9 8//7 11//10 
f 12//11 10//9 13//12 
f 14//13 12//11 15//14 
f 16//15 14//13 17//16 
f 18//17 16//15 19//18 
f 20//19 18//17 21//20 
f 22//21 20//19 23//22 
f 24//23 22//21 25//24 
f 26//25 24//23 27//26 
f 28//27 26//25 29//28 
f 30//29 28//27 31//30 
f 32//31 30//29 33//32 
f 34//33 32//31 35//34 
f 36//35 34//33 37//36 
f 38//37 36//35 39//38 
f 40//39 38//37 41//40 
f 42//41 40//39 43//42 
f 44//43 42//41 45//44 
f 46//45 44//43 47//46 
f 48//47 46//45 49//48 
f 50//49 48//47 51//50 
f 52//51 50//49 53//52 
f 54//53 52//51 55//54 
f 56//55 54//53 57//56 
f 58//57 56//55 59//58 
f 60//59 58//57 61//60 
f 62//61 60//59 63//62 
f 64//63 62//61 65//64 
f 66//65 64//63 67//66 
f 68//67 66//65 69//68 
f 70//69 68//67 71//70 
f 72//71 70//69 73//72 
f 74//73 72//71 75//74 
f 76//75 74//73 77//76 
f 78//77 76//75 79//78 
f 80//79 78//77 81//80 
f 82//81 80//79 83//82 
f 84//83 82//81 85//84 
f 86//85 84//83 87//86 
f 88//87 86//85 89//88 
f 90//89 88//87 91//90 
f 92//91 90//89 93//92 
f 94//93 92//91 95//94 
f 96//95 94//93 97//96 
f 98//97 96//95 99//98 
f 100//99 98//97 101//100 
f 102//101 100//99 103//102 
f 104//103 102//101 105//104 
f 106//105 104//103 107//106 
f 108//107 106//105 109//108 
f 110//109 108//107 111//110 
f 112//111 110//109 113//112 
f 114//113 112//111 115//114 
f 116//115 114//113 117//116 
f 118//117 116//115 119//118 
f 120//119 118//117 121//120 
f 122//121 120//119 123//122 
f 124//123 122//121 125//124 
f 126//125 124//123 127//126 
f 128//127 126//125 129//128 
f 130//129 128//127 131//130 
f 132//131 130//129 133//132 
f 134//133 132//131 135//134 
f 136//135 134//133 137//136 
f 138//137 136//135 139//138 
f 140//139 138//137 141//140 
f 142//141 140//139 143//142 
f 144//143 142//141 145//144 
f 146//145 144//143 147//146 
f 148//147 146//145 149//148 
f 150//149 148//147 151//150 
f 152//151 150//149 153//152 
f 154//153 152//151 155//154 
f 156//155 154//153 157//156 
f 158//157 156//155 159//158 
f 160//159 158//157 161//160 
f 162//161 160//159 163//162 
f 164//163 162//161 165//164 
f 166//165 164//163 167//166 
f 168//167 166//165 169//168 
f 170//169 168//167 171//170 
f 172//171 170//169 173//172 
f 174//173 172//171 175//174 
f 176//175 174//173 177//176 
f 178//177 176//175 179//178 
f 180//179 178//177 181//180 
f 182//181 180//179 183//182 
f 184//183 182//181 185//184 
f 186//185 184//183 187//186 
f 188//187 186//185 189//188 
f 190//189 188//187 191//190 
f 192//191 190//189 193//192 
f 194//193 192//191 195//194 
f 196//195 194//193 197//196 
f 198//197 196//195 199//198 
f 200//199 198//197 201//200 
f 202//201 200//199 203//202 
f 204//203 202//201 205//204 
f 206//205 204//203 207//206 
f 208//207 206//205 209//208 
f 210//209 208//207 211//210 
f 212//211 210//209 213//212 
f 214//213 212//211 215//214 
f 216//215 214//213 217//216 
f 218//217 216//215 219//218 
f 220//219 218//217 221//220 
f 222//221 220//219 223//222 
f 224//223 222//221 225//224 
f 226//225 224//223 227//226 
f 228//227 226//225 229//228 
f 230//229 228//227 231//230 
f 232//231 230//229 233//232 
f 234//233 232//231 235//234 
f 236//235 234//233 237//236 
f 238//237 236//235 239//238 
f 240//239 238//237 241//240 
f 242//241 240//239 243//242 
f 244//243 242//241 245//244 
f 246//245 244//243 247//246 
f 248//247 246//245 249//248 
f 250//249 248//247 251//250 
f 252//251 250//249 253//252 
f 254//253 252//251 255//254 
f 256//255 254//253 257//256 
f 258//257 256//255 259//258 
f 260//259 258//257 261//260 
f 262//261 260//259 263//262 
f 264//263 262//261 265//264 
f 266//265 264//263 267//266 
f 268//267 266//265 269//268 
f 270//269 268//267 271//270 
f 272//271 270//269 273//272 
f 274//273 272//271 275//274 
f 276//275 274//273 277//276 
f 278//277 276//275 279//278 
f 280//279 278//277 281//280 
f 282//281 280//279 283//282 
f 284//283 282//281 285//284 
f 286//285 284//283 287//286 
f 2//2 286//285 288//285 
f 288//285 3//2 2//2 
f 287//286 288//285 286//285 
f 285//284 287//286 284//283 
f 283//282 285//284 282//281 
f 281//280 283//282 280//279 
f 279//278 281//280 278//277 
f 277//276 279//278 276//275 
f 275//274 277//276 274//273 
f 273//272 275//274 272//271 
f 271//270 273//272 270//269 
f 269//268 271//270 268//267 
f 267//266 269//268 266//265 
f 265//264 267//266 264//263 
f 263//262 265//264 262//261 
f 261//260 263//262 260//259 
f 259//258 261//260 258//257 
f 257//256 259//258 256//255 
f 255//254 257//256 254//253 
f 253//252 255//254 252//251 
f 251//250 253//252 250//249 
f 249//248 251//250 248//247 
f 247//246 249//248 246//245 
f 245//244 247//246 244//243 
f 243//242 245//244 242//241 
f 241//240 243//242 240//239 
f 239//238 241//240 238//237 
f 237//236 239//238 236//235 
f 235//234 237//236 234//233 
f 233//232 235//234 232//231 
f 231//230 233//232 230//229 
f 229//228 231//230 228//227 
f 227//226 229//228 226//225 
f 225//224 227//226 224//223 
f 223//222 225//224 222//221 
f 221//220 223//222 220//219 
f 219//218 221//220 218//217 
f 217//216 219//218 216//215 
f 215//214 217//216 214//213 
f 213//212 215//214 212//211 
f 211//210 213//212 210//209 
f 209//208 211//210 208//207 
f 207//206 209//208 206//205 
f 205//204 207//206 204//203 
f 203//202 205//204 202//201 
f 201//200 203//202 200//199 
f 199//198 201//200 198//197 
f 197//196 199//198 196//195 
f 195//194 197//196 194//193 
f 193//192 195//194 192//191 
f 191//190 193//192 190//189 
f 189//188 191//190 188//187 
f 187//186 189//188 186//185 
f 185//184 187//186 184//183 
f 183//182 185//184 182//181 
f 181//180 183//182 180//179 
f 179//178 181//180 178//177 
f 177//176 179//178 176//175 
f 175//174 177//176 174//173 
f 173//172 175//174 172//171 
f 171//170 173//172 170//169 
f 169//168 171//170 168//167 
f 167//166 169//168 166//165 
f 165//164 167//166 164//163 
f 163//162 165//164 162//161 
f 161//160 163//162 160//159 
f 159//158 161//160 158//157 
f 157//156 159//158 156//155 
f 155//154 157//156 154//153 
f 153//152 155//154 152//151 
f 151//150 153//152 150//149 
f 149//148 151//150 148//147 
f 147//146 149//148 146//145 
f 145//144 147//146 144//143 
f 143//142 145//144 142//141 
f 141//140 143//142 140//139 
f 139//138 141//140 138//137 
f 137//136 139//138 136//135 
f 135//134 137//136 134//133 
f 133//132 135//134 132//131 
f 131//130 133//132 130//129 
f 129//128 131//130 128//127 
f 127//126 129//128 126//125 
f 125//124 127//126 124//123 
f 123//122 125//124 122//121 
f 121//120 123//122 120//119 
f 119//118 121//120 118//117 
f 117//116 119//118 116//115 
f 115//114 117//116 114//113 
f 113//112 115//114 112//111 
f 111//110 113//112 110//109 
f 109//108 111//110 108//107 
f 107//106 109//108 106//105 
f 105//104 107//106 104//103 
f 103//102 105//104 102//101 
f 101//100 103//102 100//99 
f 99//98 101//100 98//97 
f 97//96 99//98 96//95 
f 95//94 97//96 94//93 
f 93//92 95//94 92//91 
f 91//90 93//92 90//89 
f 89//88 91//90 88//87 
f 87//86 89//88 86//85 
f 85//84 87//86 84//83 
f 83//82 85//84 82//81 
f 81//80 83//82 80//79 
f 79//78 81//80 78//77 
f 77//76 79//78 76//75 
f 75//74 77//76 74//73 
f 73//72 75//74 72//71 
f 71//70 73//72 70//69 
f 69//68 71//70 68//67 
f 67//66 69//68 66//65 
f 65//64 67//66 64//63 
f 63//62 65//64 62//61 
f 61//60 63//62 60//59 
f 59//58 61//60 58//57 
f 57//56 59//58 56//55 
f 55//54 57//56 54//53 
f 53//52 55//54 52//51 
f 51//50 53//52 50//49 
f 49//48 51//50 48//47 
f 47//46 49//48 46//45 
f 45//44 47//46 44//43 
f 43//42 45//44 42//41 
f 41//40 43//42 40//39 
f 39//38 41//40 38//37 
f 37//36 39//38 36//35 
f 35//34 37//36 34//33 
f 33//32 35//34 32//31 
f 31//30 33//32 30//29 
f 29//28 31//30 28//27 
f 27//26 29//28 26//25 
f 25//24 27//26 24//23 
f 23//22 25//24 22//21 
f 21//20 23//22 20//19 
f 19//18 21//20 18//17 
f 17//16 19//18 16//15 
f 15//14 17//16 14//13 
f 13//12 15//14 12//11 
f 11//10 13//12 10//9 
f 9//8 11//10 8//7 
f 7//6 9//8 6//5 
f 5//4 7//6 4//3 
f 3//2 5//4 1//1 
o mesh1
f 163//287 289//287 290//287 
f 163//287 161//287 291//287 
f 143//287 292//287 293//287 
f 143//287 141//287 294//287 
f 177//287 295//287 296//287 
f 177//287 175//287 297//287 
f 175//287 173//287 298//287 
f 173//287 171//287 299//287 
f 291//287 289//287 163//287 
f 161//287 159//287 300//287 
f 145//287 293//287 301//287 
f 294//287 292//287 143//287 
f 139//287 302//287 294//287 
f 139//287 137//287 303//287 
f 135//287 304//287 303//287 
f 135//287 133//287 305//287 
f 131//287 306//287 305//287 
f 131//287 129//287 307//287 
f 127//287 125//287 308//287 
f 125//287 123//287 309//287 
f 181//287 310//287 311//287 
f 179//287 296//287 310//287 
f 297//287 295//287 177//287 
f 299//287 298//287 173//287 
f 169//287 312//287 299//287 
f 169//287 167//287 313//287 
f 165//287 290//287 313//287 
f 300//287 291//287 161//287 
f 155//287 314//287 315//287 
f 155//287 153//287 316//287 
f 151//287 317//287 316//287 
f 151//287 149//287 318//287 
f 293//287 145//287 143//287 
f 303//287 302//287 139//287 
f 305//287 304//287 135//287 
f 307//287 306//287 131//287 
f 127//287 319//287 307//287 
f 309//287 308//287 125//287 
f 275//287 320//287 321//287 
f 275//287 273//287 322//287 
f 310//287 181//287 179//287 
f 298//287 297//287 175//287 
f 313//287 312//287 169//287 
f 290//287 165//287 163//287 
f 157//287 315//287 300//287 
f 316//287 314//287 155//287 
f 318//287 317//287 151//287 
f 149//287 147//287 301//287 
f 294//287 141//287 139//287 
f 305//287 133//287 131//287 
f 308//287 319//287 127//287 
f 123//287 121//287 323//287 
f 119//287 324//287 323//287 
f 119//287 117//287 325//287 
f 117//287 115//287 326//287 
f 115//287 113//287 327//287 
f 285//287 328//287 329//287 
f 283//287 330//287 328//287 
f 277//287 321//287 331//287 
f 322//287 320//287 275//287 
f 267//287 332//287 333//287 
f 267//287 265//287 334//287 
f 296//287 179//287 177//287 
f 313//287 167//287 165//287 
f 315//287 157//287 155//287 
f 301//287 318//287 149//287 
f 303//287 137//287 135//287 
f 323//287 309//287 123//287 
f 325//287 324//287 119//287 
f 327//287 326//287 115//287 
f 27//287 335//287 336//287 
f 27//287 25//287 337//287 
f 19//287 338//287 339//287 
f 19//287 17//287 340//287 
f 328//287 285//287 283//287 
f 283//287 281//287 341//287 
f 321//287 277//287 275//287 
f 273//287 271//287 342//287 
f 269//287 333//287 342//287 
f 334//287 332//287 267//287 
f 261//287 343//287 344//287 
f 261//287 259//287 345//287 
f 299//287 171//287 169//287 
f 316//287 153//287 151//287 
f 307//287 129//287 127//287 
f 326//287 325//287 117//287 
f 103//287 101//287 346//287 
f 101//287 99//287 347//287 
f 337//287 335//287 27//287 
f 25//287 23//287 348//287 
f 21//287 339//287 348//287 
f 340//287 338//287 19//287 
f 288//287 349//287 350//287 
f 288//287 287//287 329//287 
f 341//287 330//287 283//287 
f 281//287 279//287 331//287 
f 342//287 322//287 273//287 
f 333//287 269//287 267//287 
f 263//287 344//287 334//287 
f 345//287 343//287 261//287 
f 259//287 257//287 351//287 
f 257//287 255//287 352//287 
f 300//287 159//287 157//287 
f 323//287 121//287 119//287 
f 103//287 353//287 354//287 
f 347//287 346//287 101//287 
f 99//287 97//287 355//287 
f 95//287 356//287 355//287 
f 49//287 357//287 358//287 
f 47//287 359//287 357//287 
f 348//287 337//287 25//287 
f 339//287 21//287 19//287 
f 15//287 360//287 340//287 
f 15//287 13//287 361//287 
f 11//287 362//287 361//287 
f 11//287 9//287 363//287 
f 7//287 364//287 363//287 
f 7//287 5//287 365//287 
f 3//287 350//287 365//287 
f 329//287 349//287 288//287 
f 331//287 341//287 281//287 
f 342//287 271//287 269//287 
f 344//287 263//287 261//287 
f 352//287 351//287 257//287 
f 247//287 366//287 367//287 
f 247//287 245//287 368//287 
f 225//287 369//287 370//287 
f 225//287 223//287 371//287 
f 215//287 213//287 372//287 
f 213//287 211//287 373//287 
f 205//287 374//287 375//287 
f 205//287 203//287 376//287 
f 203//287 201//287 377//287 
f 201//287 199//287 378//287 
f 185//287 183//287 311//287 
f 301//287 147//287 145//287 
f 111//287 379//287 327//287 
f 111//287 109//287 380//287 
f 107//287 381//287 380//287 
f 107//287 105//287 354//287 
f 346//287 353//287 103//287 
f 355//287 97//287 95//287 
f 93//287 382//287 356//287 
f 91//287 383//287 382//287 
f 89//287 384//287 383//287 
f 89//287 87//287 385//287 
f 53//287 386//287 387//287 
f 51//287 358//287 386//287 
f 357//287 49//287 47//287 
f 47//287 45//287 388//287 
f 35//287 389//287 390//287 
f 33//287 391//287 389//287 
f 31//287 392//287 391//287 
f 31//287 29//287 336//287 
f 348//287 23//287 21//287 
f 361//287 360//287 15//287 
f 363//287 362//287 11//287 
f 365//287 364//287 7//287 
f 350//287 3//287 288//287 
f 331//287 279//287 277//287 
f 351//287 345//287 259//287 
f 253//287 393//287 352//287 
f 368//287 366//287 247//287 
f 245//287 243//287 394//287 
f 243//287 241//287 395//287 
f 241//287 239//287 396//287 
f 237//287 397//287 396//287 
f 235//287 398//287 397//287 
f 233//287 399//287 398//287 
f 233//287 231//287 400//287 
f 227//287 370//287 401//287 
f 371//287 369//287 225//287 
f 221//287 402//287 371//287 
f 221//287 219//287 403//287 
f 217//287 404//287 403//287 
f 217//287 215//287 405//287 
f 373//287 372//287 213//287 
f 211//287 209//287 406//287 
f 376//287 374//287 205//287 
f 378//287 377//287 201//287 
f 199//287 197//287 407//287 
f 195//287 408//287 407//287 
f 193//287 409//287 408//287 
f 193//287 191//287 410//287 
f 187//287 411//287 412//287 
f 187//287 185//287 413//287 
f 311//287 183//287 181//287 
f 380//287 379//287 111//287 
f 354//287 381//287 107//287 
f 355//287 347//287 99//287 
f 382//287 93//287 91//287 
f 385//287 384//287 89//287 
f 81//287 414//287 415//287 
f 79//287 416//287 414//287 
f 69//287 417//287 418//287 
f 69//287 67//287 419//287 
f 61//287 420//287 421//287 
f 61//287 59//287 422//287 
f 59//287 57//287 423//287 
f 57//287 55//287 387//287 
f 386//287 53//287 51//287 
f 388//287 359//287 47//287 
f 43//287 424//287 388//287 
f 43//287 41//287 425//287 
f 389//287 35//287 33//287 
f 336//287 392//287 31//287 
f 340//287 17//287 15//287 
f 363//287 9//287 7//287 
f 329//287 287//287 285//287 
f 352//287 255//287 253//287 
f 251//287 426//287 393//287 
f 251//287 249//287 367//287 
f 394//287 368//287 245//287 
f 396//287 395//287 241//287 
f 397//287 237//287 235//287 
f 400//287 399//287 233//287 
f 370//287 227//287 225//287 
f 403//287 402//287 221//287 
f 405//287 404//287 217//287 
f 406//287 373//287 211//287 
f 377//287 376//287 203//287 
f 407//287 197//287 195//287 
f 410//287 409//287 193//287 
f 191//287 189//287 412//287 
f 413//287 411//287 187//287 
f 327//287 113//287 111//287 
f 354//287 105//287 103//287 
f 383//287 91//287 89//287 
f 83//287 415//287 427//287 
f 414//287 81//287 79//287 
f 77//287 428//287 416//287 
f 77//287 75//287 429//287 
f 73//287 430//287 429//287 
f 73//287 71//287 418//287 
f 419//287 417//287 69//287 
f 67//287 65//287 431//287 
f 422//287 420//287 61//287 
f 387//287 423//287 57//287 
f 358//287 51//287 49//287 
f 425//287 424//287 43//287 
f 39//287 432//287 425//287 
f 39//287 37//287 390//287 
f 391//287 33//287 31//287 
f 361//287 13//287 11//287 
f 334//287 265//287 263//287 
f 367//287 426//287 251//287 
f 395//287 394//287 243//287 
f 398//287 235//287 233//287 
f 231//287 229//287 401//287 
f 371//287 223//287 221//287 
f 372//287 405//287 215//287 
f 209//287 207//287 375//287 
f 407//287 378//287 199//287 
f 412//287 410//287 191//287 
f 311//287 413//287 185//287 
f 356//287 95//287 93//287 
f 415//287 83//287 81//287 
f 429//287 428//287 77//287 
f 418//287 430//287 73//287 
f 431//287 419//287 67//287 
f 423//287 422//287 59//287 
f 388//287 45//287 43//287 
f 390//287 432//287 39//287 
f 336//287 29//287 27//287 
f 393//287 253//287 251//287 
f 396//287 239//287 237//287 
f 401//287 229//287 227//287 
f 375//287 406//287 209//287 
f 408//287 195//287 193//287 
f 380//287 109//287 107//287 
f 85//287 427//287 385//287 
f 416//287 79//287 77//287 
f 418//287 71//287 69//287 
f 65//287 63//287 421//287 
f 387//287 55//287 53//287 
f 390//287 37//287 35//287 
f 367//287 249//287 247//287 
f 403//287 219//287 217//287 
f 412//287 189//287 187//287 
f 427//287 85//287 83//287 
f 421//287 431//287 65//287 
f 425//287 41//287 39//287 
f 401//287 400//287 231//287 
f 385//287 87//287 85//287 
f 421//287 63//287 61//287 
f 375//287 207//287 205//287 
f 365//287 5//287 3//287 
f 429//287 75//287 73//287 
o mesh2
f 318//288 301//289 433//289 
f 317//290 318//288 434//291 
f 316//292 317//290 435//293 
f 314//294 316//292 436//295 
f 315//296 314//294 437//297 
f 300//298 315//296 438//299 
f 291//300 300//298 439//301 
f 289//302 291//300 440//303 
f 290//304 289//302 441//305 
f 313//306 290//304 442//307 
f 312//308 313//306 443//309 
f 299//310 312//308 444//311 
f 298//312 299//310 445//313 
f 297//314 298//312 446//315 
f 295//316 297//314 447//317 
f 296//318 295//316 448//319 
f 310//320 296//318 449//321 
f 311//322 310//320 450//323 
f 413//324 311//322 451//325 
f 411//326 413//324 452//327 
f 412//328 411//326 453//329 
f 410//330 412//328 454//331 
f 409//332 410//330 455//333 
f 408//334 409//332 456//335 
f 407//336 408//334 457//337 
f 378//338 407//336 458//339 
f 377//340 378//338 459//341 
f 376//342 377//340 460//343 
f 374//344 376//342 461//345 
f 375//346 374//344 462//347 
f 406//348 375//346 463//349 
f 373//350 406//348 464//351 
f 372//352 373//350 465//353 
f 405//354 372//352 466//355 
f 404//356 405//354 467//357 
f 403//358 404//356 468//359 
f 402//360 403//358 469//361 
f 371//362 402//360 470//363 
f 369//364 371//362 471//365 
f 370//366 369//364 472//367 
f 401//368 370//366 473//369 
f 400//370 401//368 474//371 
f 399//372 400//370 475//373 
f 398//374 399//372 476//375 
f 397//376 398//374 477//377 
f 396//378 397//376 478//379 
f 395//380 396//378 479//381 
f 394//382 395//380 480//383 
f 368//384 394//382 481//385 
f 366//386 368//384 482//387 
f 367//388 366//386 483//389 
f 426//390 367//388 484//391 
f 393//392 426//390 485//393 
f 352//394 393//392 486//395 
f 351//396 352//394 487//397 
f 345//398 351//396 488//399 
f 343//400 345//398 489//401 
f 344//402 343//400 490//403 
f 334//404 344//402 491//405 
f 332//406 334//404 492//407 
f 333//408 332//406 493//409 
f 342//410 333//408 494//411 
f 322//412 342//410 495//413 
f 320//414 322//412 496//415 
f 321//416 320//414 497//417 
f 331//418 321//416 498//419 
f 341//420 331//418 499//421 
f 330//422 341//420 500//423 
f 328//424 330//422 501//425 
f 329//426 328//424 502//427 
f 349//428 329//426 503//429 
f 350//430 349//428 504//431 
f 365//432 350//430 505//433 
f 364//434 365//432 506//435 
f 363//436 364//434 507//437 
f 362//438 363//436 508//439 
f 361//440 362//438 509//441 
f 360//442 361//440 510//443 
f 340//444 360//442 511//445 
f 338//446 340//444 512//447 
f 339//448 338//446 513//449 
f 348//450 339//448 514//451 
f 337//452 348//450 515//453 
f 335//454 337//452 516//455 
f 336//456 335//454 517//457 
f 392//458 336//456 518//459 
f 391//460 392//458 519//461 
f 389//462 391//460 520//463 
f 390//464 389//462 521//465 
f 432//466 390//464 522//467 
f 425//468 432//466 523//469 
f 424//470 425//468 524//471 
f 388//472 424//470 525//473 
f 359//474 388//472 526//475 
f 357//476 359//474 527//477 
f 358//478 357//476 528//479 
f 386//480 358//478 529//481 
f 387//482 386//480 530//483 
f 423//484 387//482 531//485 
f 422//486 423//484 532//487 
f 420//488 422//486 533//489 
f 421//490 420//488 534//491 
f 431//492 421//490 535//493 
f 419//494 431//492 536//495 
f 417//496 419//494 537//497 
f 418//498 417//496 538//499 
f 430//500 418//498 539//501 
f 429//502 430//500 540//503 
f 428//504 429//502 541//505 
f 416//506 428//504 542//507 
f 414//508 416//506 543//509 
f 415//510 414//508 544//511 
f 427//512 415//510 545//513 
f 385//514 427//512 546//515 
f 384//516 385//514 547//517 
f 383//518 384//516 548//519 
f 382//520 383//518 549//521 
f 356//522 382//520 550//523 
f 355//524 356//522 551//525 
f 347//526 355//524 552//527 
f 346//528 347//526 553//529 
f 353//530 346//528 554//531 
f 354//532 353//530 555//533 
f 381//534 354//532 556//535 
f 380//536 381//534 557//537 
f 379//538 380//536 558//539 
f 327//540 379//538 559//541 
f 326//542 327//540 560//543 
f 325//544 326//542 561//545 
f 324//546 325//544 562//547 
f 323//548 324//546 563//549 
f 309//550 323//548 564//551 
f 308//552 309//550 565//553 
f 319//554 308//552 566//555 
f 307//556 319//554 567//557 
f 306//558 307//556 568//559 
f 305//560 306//558 569//561 
f 304//562 305//560 570//563 
f 303//564 304//562 571//565 
f 302//566 303//564 572//567 
f 294//568 302//566 573//569 
f 292//570 294//568 574//571 
f 293//572 292//570 575//573 
f 301//289 293//572 576//572 
f 576//572 433//289 301//289 
f 575//573 576//572 293//572 
f 574//571 575//573 292//570 
f 573//569 574//571 294//568 
f 572//567 573//569 302//566 
f 571//565 572//567 303//564 
f 570//563 571//565 304//562 
f 569//561 570//563 305//560 
f 568//559 569//561 306//558 
f 567//557 568//559 307//556 
f 566//555 567//557 319//554 
f 565//553 566//555 308//552 
f 564//551 565//553 309//550 
f 563//549 564//551 323//548 
f 562//547 563//549 324//546 
f 561//545 562//547 325//544 
f 560//543 561//545 326//542 
f 559//541 560//543 327//540 
f 558//539 559//541 379//538 
f 557//537 558//539 380//536 
f 556//535 557//537 381//534 
f 555//533 556//535 354//532 
f 554//531 555//533 353//530 
f 553//529 554//531 346//528 
f 552//527 553//529 347//526 
f 551//525 552//527 355//524 
f 550//523 551//525 356//522 
f 549//521 550//523 382//520 
f 548//519 549//521 383//518 
f 547//517 548//519 384//516 
f 546//515 547//517 385//514 
f 545//513 546//515 427//512 
f 544//511 545//513 415//510 
f 543//509 544//511 414//508 
f 542//507 543//509 416//506 
f 541//505 542//507 428//504 
f 540//503 541//505 429//502 
f 539//501 540//503 430//500 
f 538//499 539//501 418//498 
f 537//497 538//499 417//496 
f 536//495 537//497 419//494 
f 535//493 536//495 431//492 
f 534//491 535//493 421//490 
f 533//489 534//491 420//488 
f 532//487 533//489 422//486 
f 531//485 532//487 423//484 
f 530//483 531//485 387//482 
f 529//481 530//483 386//480 
f 528//479 529//481 358//478 
f 527//477 528//479 357//476 
f 526//475 527//477 359//474 
f 525//473 526//475 388//472 
f 524//471 525//473 424//470 
f 523//469 524//471 425//468 
f 522//467 523//469 432//466 
f 521//465 522//467 390//464 
f 520//463 521//465 389//462 
f 519//461 520//463 391//460 
f 518//459 519//461 392//458 
f 517//457 518//459 336//456 
f 516//455 517//457 335//454 
f 515//453 516//455 337//452 
f 514//451 515//453 348//450 
f 513//449 514//451 339//448 
f 512//447 513//449 338//446 
f 511//445 512//447 340//444 
f 510//443 511//445 360//442 
f 509//441 510//443 361//440 
f 508//439 509//441 362//438 
f 507//437 508//439 363//436 
f 506//435 507//437 364//434 
f 505//433 506//435 365//432 
f 504//431 505//433 350//430 
f 503//429 504//431 349//428 
f 502//427 503//429 329//426 
f 501//425 502//427 328//424 
f 500//423 501//425 330//422 
f 499//421 500//423 341//420 
f 498//419 499//421 331//418 
f 497//417 498//419 321//416 
f 496//415 497//417 320//414 
f 495//413 496//415 322//412 
f 494//411 495//413 342//410 
f 493//409 494//411 333//408 
f 492//407 493//409 332//406 
f 491//405 492//407 334//404 
f 490//403 491//405 344//402 
f 489//401 490//403 343//400 
f 488//399 489//401 345//398 
f 487//397 488//399 351//396 
f 486//395 487//397 352//394 
f 485//393 486//395 393//392 
f 484//391 485//393 426//390 
f 483//389 484//391 367//388 
f 482//387 483//389 366//386 
f 481//385 482//387 368//384 
f 480//383 481//385 394//382 
f 479//381 480//383 395//380 
f 478//379 479//381 396//378 
f 477//377 478//379 397//376 
f 476//375 477//377 398//374 
f 475//373 476//375 399//372 
f 474//371 475//373 400//370 
f 473//369 474//371 401//368 
f 472//367 473//369 370//366 
f 471//365 472//367 369//364 
f 470//363 471//365 371//362 
f 469//361 470//363 402//360 
f 468//359 469//361 403//358 
f 467//357 468//359 404//356 
f 466//355 467//357 405//354 
f 465//353 466//355 372//352 
f 464//351 465//353 373//350 
f 463//349 464//351 406//348 
f 462//347 463//349 375//346 
f 461//345 462//347 374//344 
f 460//343 461//345 376//342 
f 459//341 460//343 377//340 
f 458//339 459//341 378//338 
f 457//337 458//339 407//336 
f 456//335 457//337 408//334 
f 455//333 456//335 409//332 
f 454//331 455//333 410//330 
f 453//329 454//331 412//328 
f 452//327 453//329 411//326 
f 451//325 452//327 413//324 
f 450//323 451//325 311//322 
f 449//321 450//323 310//320 
f 448//319 449//321 296//318 
f 447//317 448//319 295//316 
f 446//315 447//317 297//314 
f 445//313 446//315 298//312 
f 444//311 445//313 299//310 
f 443//309 444//311 312//308 
f 442//307 443//309 313//306 
f 441//305 442//307 290//304 
f 440//303 441//305 289//302 
f 439//301 440//303 291//300 
f 438//299 439//301 300//298 
f 437//297 438//299 315//296 
f 436//295 437//297 314//294 
f 435//293 436//295 316//292 
f 434//291 435//293 317//290 
f 433//289 434//291 318//288 
o mesh3
f 577//574 499//574 498//574 
f 506//574 578//574 579//574 
f 580//574 567//574 566//574 
f 580//574 576//574 575//574 
f 580//574 581//574 582//574 
f 583//574 584//574 585//574 
f 583//574 586//574 587//574 
f 577//574 495//574 494//574 
f 498//574 497//574 577//574 
f 577//574 503//574 502//574 
f 579//574 588//574 506//574 
f 506//574 505//574 577//574 
f 580//574 562//574 561//574 
f 580//574 564//574 563//574 
f 580//574 568//574 567//574 
f 580//574 570//574 569//574 
f 580//574 572//574 571//574 
f 580//574 574//574 573//574 
f 580//574 433//574 576//574 
f 580//574 436//574 435//574 
f 580//574 438//574 437//574 
f 580//574 589//574 581//574 
f 580//574 590//574 591//574 
f 583//574 592//574 584//574 
f 587//574 593//574 583//574 
f 577//574 489//574 488//574 
f 577//574 491//574 490//574 
f 494//574 493//574 577//574 
f 497//574 496//574 577//574 
f 502//574 501//574 577//574 
f 588//574 594//574 506//574 
f 577//574 595//574 506//574 
f 563//574 562//574 580//574 
f 566//574 565//574 580//574 
f 571//574 570//574 580//574 
f 575//574 574//574 580//574 
f 435//574 434//574 580//574 
f 580//574 439//574 438//574 
f 580//574 442//574 441//574 
f 580//574 596//574 597//574 
f 591//574 589//574 580//574 
f 583//574 598//574 599//574 
f 593//574 592//574 583//574 
f 583//574 600//574 601//574 
f 488//574 602//574 577//574 
f 577//574 492//574 491//574 
f 496//574 495//574 577//574 
f 501//574 500//574 577//574 
f 577//574 505//574 504//574 
f 595//574 578//574 506//574 
f 565//574 564//574 580//574 
f 573//574 572//574 580//574 
f 437//574 436//574 580//574 
f 441//574 440//574 580//574 
f 582//574 596//574 580//574 
f 580//574 603//574 604//574 
f 602//574 605//574 606//574 
f 607//574 608//574 609//574 
f 610//574 473//574 472//574 
f 585//574 598//574 583//574 
f 583//574 611//574 612//574 
f 583//574 613//574 614//574 
f 601//574 615//574 583//574 
f 583//574 616//574 617//574 
f 602//574 484//574 483//574 
f 490//574 489//574 577//574 
f 500//574 499//574 577//574 
f 594//574 618//574 506//574 
f 619//574 518//574 517//574 
f 619//574 529//574 528//574 
f 620//574 445//574 444//574 
f 620//574 447//574 446//574 
f 620//574 449//574 448//574 
f 569//574 568//574 580//574 
f 440//574 439//574 580//574 
f 580//574 621//574 620//574 
f 604//574 590//574 580//574 
f 622//574 623//574 624//574 
f 622//574 625//574 626//574 
f 627//574 628//574 629//574 
f 630//574 631//574 632//574 
f 602//574 633//574 634//574 
f 602//574 635//574 605//574 
f 602//574 636//574 637//574 
f 602//574 638//574 639//574 
f 602//574 640//574 641//574 
f 607//574 642//574 643//574 
f 607//574 644//574 645//574 
f 609//574 646//574 607//574 
f 607//574 647//574 648//574 
f 607//574 649//574 650//574 
f 651//574 652//574 653//574 
f 651//574 654//574 655//574 
f 656//574 602//574 654//574 
f 475//574 657//574 658//574 
f 475//574 659//574 660//574 
f 610//574 474//574 473//574 
f 599//574 661//574 583//574 
f 614//574 611//574 583//574 
f 583//574 662//574 663//574 
f 617//574 600//574 583//574 
f 583//574 664//574 665//574 
f 583//574 666//574 667//574 
f 619//574 668//574 669//574 
f 619//574 670//574 671//574 
f 619//574 672//574 673//574 
f 483//574 482//574 602//574 
f 488//574 487//574 602//574 
f 504//574 503//574 577//574 
f 517//574 516//574 619//574 
f 619//574 520//574 519//574 
f 619//574 522//574 521//574 
f 528//574 527//574 619//574 
f 619//574 531//574 530//574 
f 580//574 555//574 554//574 
f 444//574 443//574 620//574 
f 448//574 447//574 620//574 
f 434//574 433//574 580//574 
f 597//574 621//574 580//574 
f 622//574 674//574 623//574 
f 626//574 675//574 622//574 
f 629//574 676//574 627//574 
f 677//574 678//574 679//574 
f 627//574 679//574 678//574 
f 680//574 681//574 682//574 
f 583//574 683//574 684//574 
f 685//574 686//574 687//574 
f 630//574 688//574 689//574 
f 630//574 690//574 631//574 
f 630//574 691//574 692//574 
f 602//574 693//574 694//574 
f 602//574 695//574 696//574 
f 602//574 697//574 698//574 
f 602//574 699//574 633//574 
f 602//574 700//574 701//574 
f 602//574 702//574 703//574 
f 637//574 635//574 602//574 
f 641//574 638//574 602//574 
f 643//574 704//574 607//574 
f 645//574 705//574 607//574 
f 648//574 608//574 607//574 
f 650//574 706//574 607//574 
f 653//574 707//574 651//574 
f 654//574 651//574 656//574 
f 475//574 708//574 709//574 
f 660//574 657//574 475//574 
f 475//574 710//574 711//574 
f 475//574 712//574 713//574 
f 472//574 471//574 610//574 
f 612//574 586//574 583//574 
f 583//574 714//574 715//574 
f 615//574 662//574 583//574 
f 667//574 664//574 583//574 
f 669//574 716//574 619//574 
f 619//574 717//574 718//574 
f 619//574 719//574 720//574 
f 619//574 721//574 670//574 
f 619//574 722//574 723//574 
f 619//574 724//574 672//574 
f 506//574 725//574 726//574 
f 602//574 477//574 476//574 
f 602//574 479//574 478//574 
f 482//574 481//574 602//574 
f 506//574 618//574 727//574 
f 493//574 492//574 577//574 
f 516//574 515//574 619//574 
f 521//574 520//574 619//574 
f 619//574 526//574 525//574 
f 530//574 529//574 619//574 
f 619//574 533//574 532//574 
f 619//574 535//574 534//574 
f 619//574 539//574 538//574 
f 580//574 553//574 552//574 
f 580//574 556//574 555//574 
f 446//574 445//574 620//574 
f 620//574 442//574 580//574 
f 620//574 451//574 450//574 
f 622//574 728//574 603//574 
f 622//574 729//574 730//574 
f 675//574 674//574 622//574 
f 627//574 731//574 732//574 
f 676//574 733//574 627//574 
f 679//574 734//574 677//574 
f 678//574 735//574 627//574 
f 682//574 736//574 680//574 
f 680//574 737//574 738//574 
f 583//574 739//574 740//574 
f 583//574 741//574 742//574 
f 583//574 743//574 744//574 
f 684//574 745//574 583//574 
f 746//574 747//574 748//574 
f 746//574 749//574 750//574 
f 685//574 751//574 686//574 
f 630//574 752//574 753//574 
f 630//574 754//574 688//574 
f 632//574 755//574 630//574 
f 630//574 756//574 691//574 
f 696//574 693//574 602//574 
f 634//574 697//574 602//574 
f 701//574 757//574 602//574 
f 602//574 758//574 702//574 
f 606//574 759//574 602//574 
f 602//574 760//574 640//574 
f 705//574 642//574 607//574 
f 646//574 761//574 607//574 
f 607//574 762//574 649//574 
f 655//574 652//574 651//574 
f 763//574 764//574 765//574 
f 763//574 607//574 766//574 
f 475//574 767//574 768//574 
f 475//574 769//574 770//574 
f 658//574 708//574 475//574 
f 713//574 710//574 475//574 
f 471//574 470//574 610//574 
f 474//574 610//574 712//574 
f 469//574 771//574 772//574 
f 583//574 773//574 774//574 
f 715//574 613//574 583//574 
f 665//574 616//574 583//574 
f 619//574 775//574 666//574 
f 718//574 668//574 619//574 
f 671//574 719//574 619//574 
f 619//574 776//574 777//574 
f 619//574 778//574 779//574 
f 673//574 722//574 619//574 
f 726//574 619//574 506//574 
f 478//574 477//574 602//574 
f 481//574 480//574 602//574 
f 602//574 486//574 485//574 
f 487//574 486//574 602//574 
f 519//574 518//574 619//574 
f 619//574 524//574 523//574 
f 527//574 526//574 619//574 
f 534//574 533//574 619//574 
f 538//574 537//574 619//574 
f 619//574 541//574 540//574 
f 580//574 549//574 548//574 
f 580//574 551//574 550//574 
f 554//574 553//574 580//574 
f 580//574 558//574 557//574 
f 580//574 560//574 559//574 
f 561//574 560//574 580//574 
f 620//574 452//574 451//574 
f 620//574 454//574 453//574 
f 622//574 780//574 728//574 
f 624//574 729//574 622//574 
f 622//574 781//574 782//574 
f 622//574 783//574 784//574 
f 785//574 786//574 787//574 
f 785//574 788//574 789//574 
f 627//574 790//574 791//574 
f 627//574 792//574 793//574 
f 733//574 731//574 627//574 
f 735//574 628//574 627//574 
f 680//574 794//574 795//574 
f 738//574 681//574 680//574 
f 680//574 796//574 797//574 
f 680//574 785//574 798//574 
f 742//574 739//574 583//574 
f 745//574 743//574 583//574 
f 583//574 799//574 800//574 
f 746//574 801//574 802//574 
f 750//574 747//574 746//574 
f 746//574 803//574 804//574 
f 746//574 805//574 806//574 
f 687//574 807//574 685//574 
f 630//574 808//574 809//574 
f 630//574 810//574 811//574 
f 630//574 812//574 752//574 
f 755//574 754//574 630//574 
f 692//574 813//574 630//574 
f 602//574 814//574 815//574 
f 698//574 695//574 602//574 
f 703//574 700//574 602//574 
f 639//574 636//574 602//574 
f 704//574 816//574 607//574 
f 706//574 647//574 607//574 
f 607//574 817//574 818//574 
f 607//574 763//574 819//574 
f 602//574 820//574 821//574 
f 707//574 763//574 651//574 
f 766//574 764//574 763//574 
f 770//574 767//574 475//574 
f 711//574 659//574 475//574 
f 712//574 475//574 474//574 
f 469//574 822//574 771//574 
f 583//574 823//574 773//574 
f 663//574 714//574 583//574 
f 716//574 775//574 619//574 
f 619//574 824//574 721//574 
f 779//574 776//574 619//574 
f 726//574 724//574 619//574 
f 480//574 479//574 602//574 
f 727//574 725//574 506//574 
f 469//574 825//574 826//574 
f 469//574 827//574 828//574 
f 469//574 829//574 830//574 
f 469//574 831//574 832//574 
f 469//574 833//574 834//574 
f 619//574 508//574 507//574 
f 619//574 510//574 509//574 
f 619//574 512//574 511//574 
f 619//574 514//574 513//574 
f 523//574 522//574 619//574 
f 532//574 531//574 619//574 
f 540//574 539//574 619//574 
f 619//574 545//574 544//574 
f 550//574 549//574 580//574 
f 557//574 556//574 580//574 
f 443//574 442//574 620//574 
f 453//574 452//574 620//574 
f 730//574 780//574 622//574 
f 784//574 781//574 622//574 
f 456//574 620//574 833//574 
f 833//574 461//574 460//574 
f 833//574 463//574 462//574 
f 785//574 835//574 786//574 
f 789//574 836//574 785//574 
f 793//574 790//574 627//574 
f 734//574 837//574 677//574 
f 736//574 794//574 680//574 
f 798//574 796//574 680//574 
f 838//574 839//574 840//574 
f 838//574 841//574 842//574 
f 583//574 843//574 844//574 
f 744//574 741//574 583//574 
f 800//574 845//574 583//574 
f 746//574 846//574 847//574 
f 746//574 848//574 849//574 
f 748//574 801//574 746//574 
f 806//574 803//574 746//574 
f 807//574 850//574 685//574 
f 751//574 685//574 805//574 
f 837//574 851//574 852//574 
f 809//574 853//574 630//574 
f 753//574 810//574 630//574 
f 813//574 690//574 630//574 
f 837//574 854//574 855//574 
f 837//574 856//574 857//574 
f 837//574 858//574 859//574 
f 837//574 860//574 861//574 
f 837//574 734//574 862//574 
f 694//574 814//574 602//574 
f 759//574 758//574 602//574 
f 602//574 863//574 864//574 
f 602//574 865//574 866//574 
f 761//574 644//574 607//574 
f 819//574 817//574 607//574 
f 821//574 867//574 602//574 
f 765//574 651//574 763//574 
f 768//574 868//574 475//574 
f 470//574 469//574 610//574 
f 469//574 869//574 870//574 
f 772//574 871//574 469//574 
f 661//574 823//574 583//574 
f 720//574 717//574 619//574 
f 723//574 778//574 619//574 
f 485//574 484//574 602//574 
f 469//574 872//574 825//574 
f 469//574 873//574 827//574 
f 469//574 874//574 829//574 
f 834//574 831//574 469//574 
f 509//574 508//574 619//574 
f 513//574 512//574 619//574 
f 525//574 524//574 619//574 
f 537//574 536//574 619//574 
f 619//574 543//574 542//574 
f 619//574 546//574 545//574 
f 546//574 619//574 875//574 
f 552//574 551//574 580//574 
f 450//574 449//574 620//574 
f 782//574 625//574 622//574 
f 833//574 457//574 456//574 
f 833//574 459//574 458//574 
f 462//574 461//574 833//574 
f 876//574 877//574 878//574 
f 836//574 835//574 785//574 
f 785//574 680//574 879//574 
f 732//574 792//574 627//574 
f 797//574 737//574 680//574 
f 838//574 880//574 839//574 
f 842//574 881//574 838//574 
f 583//574 882//574 883//574 
f 583//574 884//574 885//574 
f 844//574 886//574 583//574 
f 845//574 683//574 583//574 
f 583//574 887//574 888//574 
f 889//574 890//574 891//574 
f 849//574 846//574 746//574 
f 804//574 749//574 746//574 
f 805//574 746//574 751//574 
f 837//574 892//574 851//574 
f 630//574 893//574 894//574 
f 630//574 895//574 896//574 
f 853//574 897//574 630//574 
f 811//574 898//574 630//574 
f 630//574 889//574 756//574 
f 837//574 899//574 854//574 
f 837//574 900//574 856//574 
f 837//574 901//574 858//574 
f 862//574 860//574 837//574 
f 757//574 699//574 602//574 
f 866//574 863//574 602//574 
f 818//574 762//574 607//574 
f 656//574 820//574 602//574 
f 709//574 769//574 475//574 
f 871//574 869//574 469//574 
f 666//574 583//574 619//574 
f 476//574 475//574 602//574 
f 677//574 902//574 903//574 
f 469//574 904//574 905//574 
f 828//574 872//574 469//574 
f 832//574 874//574 469//574 
f 511//574 510//574 619//574 
f 536//574 535//574 619//574 
f 544//574 543//574 619//574 
f 580//574 547//574 546//574 
f 559//574 558//574 580//574 
f 603//574 906//574 622//574 
f 456//574 455//574 620//574 
f 460//574 459//574 833//574 
f 833//574 467//574 466//574 
f 833//574 469//574 468//574 
f 622//574 907//574 908//574 
f 622//574 909//574 910//574 
f 876//574 911//574 877//574 
f 912//574 913//574 914//574 
f 841//574 915//574 916//574 
f 879//574 788//574 785//574 
f 795//574 627//574 680//574 
f 838//574 917//574 918//574 
f 881//574 880//574 838//574 
f 885//574 882//574 583//574 
f 740//574 843//574 583//574 
f 888//574 919//574 583//574 
f 920//574 888//574 889//574 
f 889//574 630//574 890//574 
f 847//574 921//574 746//574 
f 850//574 837//574 685//574 
f 837//574 922//574 923//574 
f 852//574 924//574 837//574 
f 896//574 893//574 630//574 
f 897//574 925//574 630//574 
f 630//574 926//574 927//574 
f 689//574 812//574 630//574 
f 837//574 928//574 929//574 
f 857//574 899//574 837//574 
f 861//574 901//574 837//574 
f 864//574 760//574 602//574 
f 867//574 865//574 602//574 
f 870//574 610//574 469//574 
f 777//574 824//574 619//574 
f 903//574 930//574 677//574 
f 677//574 837//574 931//574 
f 469//574 932//574 933//574 
f 469//574 934//574 904//574 
f 830//574 873//574 469//574 
f 515//574 514//574 619//574 
f 875//574 580//574 546//574 
f 603//574 580//574 906//574 
f 458//574 457//574 833//574 
f 468//574 467//574 833//574 
f 622//574 935//574 936//574 
f 910//574 907//574 622//574 
f 622//574 937//574 938//574 
f 939//574 940//574 937//574 
f 876//574 941//574 942//574 
f 876//574 943//574 944//574 
f 876//574 945//574 946//574 
f 878//574 947//574 876//574 
f 876//574 948//574 949//574 
f 950//574 948//574 876//574 
f 912//574 951//574 940//574 
f 912//574 952//574 953//574 
f 912//574 954//574 955//574 
f 912//574 956//574 957//574 
f 914//574 958//574 912//574 
f 841//574 838//574 915//574 
f 791//574 680//574 627//574 
f 840//574 917//574 838//574 
f 939//574 959//574 960//574 
f 939//574 961//574 962//574 
f 886//574 884//574 583//574 
f 919//574 963//574 583//574 
f 889//574 964//574 920//574 
f 891//574 965//574 889//574 
f 802//574 848//574 746//574 
f 924//574 922//574 837//574 
f 925//574 895//574 630//574 
f 898//574 926//574 630//574 
f 837//574 966//574 967//574 
f 837//574 968//574 928//574 
f 859//574 900//574 837//574 
f 816//574 677//574 607//574 
f 774//574 887//574 583//574 
f 931//574 902//574 677//574 
f 469//574 969//574 932//574 
f 826//574 934//574 469//574 
f 542//574 541//574 619//574 
f 455//574 454//574 620//574 
f 466//574 465//574 833//574 
f 622//574 970//574 935//574 
f 908//574 971//574 622//574 
f 937//574 622//574 939//574 
f 876//574 972//574 973//574 
f 876//574 974//574 975//574 
f 876//574 976//574 941//574 
f 944//574 977//574 876//574 
f 876//574 978//574 979//574 
f 876//574 980//574 981//574 
f 947//574 945//574 876//574 
f 876//574 583//574 950//574 
f 953//574 951//574 912//574 
f 957//574 954//574 912//574 
f 958//574 982//574 912//574 
f 916//574 983//574 841//574 
f 918//574 785//574 838//574 
f 913//574 984//574 985//574 
f 913//574 912//574 986//574 
f 939//574 987//574 988//574 
f 962//574 959//574 939//574 
f 939//574 989//574 990//574 
f 939//574 876//574 991//574 
f 963//574 799//574 583//574 
f 965//574 964//574 889//574 
f 923//574 685//574 837//574 
f 927//574 808//574 630//574 
f 837//574 992//574 966//574 
f 855//574 968//574 837//574 
f 868//574 602//574 475//574 
f 930//574 993//574 677//574 
f 469//574 994//574 995//574 
f 905//574 969//574 469//574 
f 548//574 547//574 580//574 
f 465//574 464//574 833//574 
f 622//574 996//574 970//574 
f 938//574 909//574 622//574 
f 876//574 997//574 998//574 
f 975//574 972//574 876//574 
f 876//574 999//574 1000//574 
f 876//574 1001//574 1002//574 
f 977//574 976//574 876//574 
f 876//574 1003//574 1004//574 
f 981//574 978//574 876//574 
f 949//574 911//574 876//574 
f 955//574 952//574 912//574 
f 982//574 1005//574 912//574 
f 787//574 838//574 785//574 
f 986//574 984//574 913//574 
f 939//574 1006//574 987//574 
f 960//574 1007//574 939//574 
f 991//574 989//574 939//574 
f 920//574 919//574 888//574 
f 894//574 746//574 630//574 
f 837//574 1008//574 1009//574 
f 929//574 992//574 837//574 
f 993//574 607//574 677//574 
f 933//574 994//574 469//574 
f 464//574 463//574 833//574 
f 971//574 996//574 622//574 
f 998//574 1010//574 876//574 
f 876//574 1011//574 974//574 
f 1000//574 1012//574 876//574 
f 876//574 1013//574 1001//574 
f 1004//574 943//574 876//574 
f 946//574 980//574 876//574 
f 1005//574 956//574 912//574 
f 985//574 841//574 913//574 
f 939//574 1014//574 1006//574 
f 990//574 961//574 939//574 
f 921//574 630//574 746//574 
f 967//574 1008//574 837//574 
f 995//574 822//574 469//574 
f 936//574 783//574 622//574 
f 973//574 997//574 876//574 
f 1012//574 1015//574 876//574 
f 876//574 1016//574 1013//574 
f 979//574 1003//574 876//574 
f 983//574 913//574 841//574 
f 1007//574 1014//574 939//574 
f 1009//574 892//574 837//574 
f 507//574 506//574 619//574 
f 1015//574 1011//574 876//574 
f 942//574 1016//574 876//574 
f 988//574 912//574 939//574 
f 815//574 577//574 602//574 
f 1002//574 999//574 876//574 
f 883//574 950//574 583//574 
f 940//574 939//574 912//574 
f 1010//574 991//574 876//574 
o mesh4
f 1017//575 1018//575 875//575 
f 875//575 619//575 1017//575 
o mesh5
f 1019//576 1020//576 939//576 
f 939//576 622//576 1019//576 
o mesh6
f 1019//577 622//577 906//577 
f 906//577 1021//577 1019//577 
o mesh7
f 1022//578 1021//578 906//578 
f 906//578 580//578 1022//578 
o mesh8
f 875//579 1018//579 1022//579 
f 1022//579 580//579 875//579 
o mesh9
f 1023//580 1024//580 583//580 
f 583//580 876//580 1023//580 
o mesh10
f 1017//581 619//581 583//581 
f 583//581 1024//581 1017//581 
o mesh11
f 1025//582 1026//581 699//581 
f 1027//583 1025//582 757//582 
f 1028//584 1027//583 701//583 
f 1029//585 1028//584 700//584 
f 1030//586 1029//585 703//585 
f 1031//587 1030//586 702//586 
f 1032//588 1031//587 758//587 
f 1033//589 1032//588 759//588 
f 1034//590 1033//589 606//589 
f 1035//591 1034//590 605//590 
f 1036//592 1035//591 635//591 
f 1037//593 1036//592 637//592 
f 1038//594 1037//593 636//593 
f 1039//595 1038//594 639//594 
f 1040//596 1039//595 638//595 
f 1041//597 1040//596 641//596 
f 1042//598 1041//597 640//597 
f 1043//599 1042//598 760//598 
f 1044//600 1043//599 864//599 
f 1045//601 1044//600 863//600 
f 1046//602 1045//601 866//601 
f 1047//603 1046//602 865//602 
f 1048//604 1047//603 867//603 
f 1049//605 1048//604 821//604 
f 1050//606 1049//605 820//605 
f 1051//607 1050//606 656//606 
f 1052//608 1051//607 651//607 
f 1053//609 1052//608 765//608 
f 1054//610 1053//609 764//609 
f 1055//611 1054//610 766//610 
f 1056//612 1055//611 607//611 
f 1057//613 1056//612 993//612 
f 1058//614 1057//613 930//613 
f 1059//615 1058//614 903//614 
f 1060//616 1059//615 902//615 
f 1061//617 1060//616 931//616 
f 1062//618 1061//617 837//617 
f 1063//619 1062//618 850//618 
f 1064//620 1063//619 807//619 
f 1065//621 1064//620 687//620 
f 1066//622 1065//621 686//621 
f 1067//623 1066//622 751//622 
f 1068//624 1067//623 746//623 
f 1069//625 1068//624 894//624 
f 1070//626 1069//625 893//625 
f 1071//627 1070//626 896//626 
f 1072//628 1071//627 895//627 
f 1073//629 1072//628 925//628 
f 1074//630 1073//629 897//629 
f 1075//631 1074//630 853//630 
f 1076//632 1075//631 809//631 
f 1077//633 1076//632 808//632 
f 1078//634 1077//633 927//633 
f 1079//635 1078//634 926//634 
f 1080//636 1079//635 898//635 
f 1081//637 1080//636 811//636 
f 1082//638 1081//637 810//637 
f 1083//639 1082//638 753//638 
f 1084//640 1083//639 752//639 
f 1085//641 1084//640 812//640 
f 1086//642 1085//641 689//641 
f 1087//643 1086//642 688//642 
f 1088//644 1087//643 754//643 
f 1089//645 1088//644 755//644 
f 1090//646 1089//645 632//645 
f 1091//647 1090//646 631//646 
f 1092//648 1091//647 690//647 
f 1093//649 1092//648 813//648 
f 1094//650 1093//649 692//649 
f 1095//651 1094//650 691//650 
f 1096//652 1095//651 756//651 
f 1097//653 1096//652 889//652 
f 1098//654 1097//653 888//653 
f 1099//655 1098//654 887//654 
f 1100//656 1099//655 774//655 
f 1101//657 1100//656 773//656 
f 1102//658 1101//657 823//657 
f 1103//659 1102//658 661//658 
f 1104//660 1103//659 599//659 
f 1105//661 1104//660 598//660 
f 1106//662 1105//661 585//661 
f 1107//663 1106//662 584//662 
f 1108//664 1107//663 592//663 
f 1109//665 1108//664 593//664 
f 1110//666 1109//665 587//665 
f 1111//667 1110//666 586//666 
f 1112//668 1111//667 612//667 
f 1113//669 1112//668 611//668 
f 1114//670 1113//669 614//669 
f 1115//671 1114//670 613//670 
f 1116//672 1115//671 715//671 
f 1117//673 1116//672 714//672 
f 1118//674 1117//673 663//673 
f 1119//675 1118//674 662//674 
f 1120//676 1119//675 615//675 
f 1121//677 1120//676 601//676 
f 1122//678 1121//677 600//677 
f 1123//679 1122//678 617//678 
f 1124//680 1123//679 616//679 
f 1125//681 1124//680 665//680 
f 1126//682 1125//681 664//681 
f 1127//683 1126//682 667//682 
f 1128//684 1127//683 666//683 
f 1129//685 1128//684 775//684 
f 1130//686 1129//685 716//685 
f 1131//687 1130//686 669//686 
f 1132//688 1131//687 668//687 
f 1133//689 1132//688 718//688 
f 1134//690 1133//689 717//689 
f 1135//691 1134//690 720//690 
f 1136//692 1135//691 719//691 
f 1137//693 1136//692 671//692 
f 1138//694 1137//693 670//693 
f 1139//695 1138//694 721//694 
f 1140//696 1139//695 824//695 
f 1141//697 1140//696 777//696 
f 1142//698 1141//697 776//697 
f 1143//699 1142//698 779//698 
f 1144//700 1143//699 778//699 
f 1145//701 1144//700 723//700 
f 1146//702 1145//701 722//701 
f 1147//703 1146//702 673//702 
f 1148//704 1147//703 672//703 
f 1149//705 1148//704 724//704 
f 1150//706 1149//705 726//705 
f 1151//707 1150//706 725//706 
f 1152//708 1151//707 727//707 
f 1153//709 1152//708 618//708 
f 1154//710 1153//709 594//709 
f 1155//711 1154//710 588//710 
f 1156//712 1155//711 579//711 
f 1157//713 1156//712 578//712 
f 1158//714 1157//713 595//713 
f 1159//715 1158//714 577//714 
f 1160//716 1159//715 815//715 
f 1161//717 1160//716 814//716 
f 1162//718 1161//717 694//717 
f 1163//719 1162//718 693//718 
f 1164//720 1163//719 696//719 
f 1165//721 1164//720 695//720 
f 1166//722 1165//721 698//721 
f 1167//723 1166//722 697//722 
f 1168//724 1167//723 634//723 
f 1026//581 1168//724 633//724 
f 633//724 699//581 1026//581 
f 634//723 633//724 1168//724 
f 697//722 634//723 1167//723 
f 698//721 697//722 1166//722 
f 695//720 698//721 1165//721 
f 696//719 695//720 1164//720 
f 693//718 696//719 1163//719 
f 694//717 693//718 1162//718 
f 814//716 694//717 1161//717 
f 815//715 814//716 1160//716 
f 577//714 815//715 1159//715 
f 595//713 577//714 1158//714 
f 578//712 595//713 1157//713 
f 579//711 578//712 1156//712 
f 588//710 579//711 1155//711 
f 594//709 588//710 1154//710 
f 618//708 594//709 1153//709 
f 727//707 618//708 1152//708 
f 725//706 727//707 1151//707 
f 726//705 725//706 1150//706 
f 724//704 726//705 1149//705 
f 672//703 724//704 1148//704 
f 673//702 672//703 1147//703 
f 722//701 673//702 1146//702 
f 723//700 722//701 1145//701 
f 778//699 723//700 1144//700 
f 779//698 778//699 1143//699 
f 776//697 779//698 1142//698 
f 777//696 776//697 1141//697 
f 824//695 777//696 1140//696 
f 721//694 824//695 1139//695 
f 670//693 721//694 1138//694 
f 671//692 670//693 1137//693 
f 719//691 671//692 1136//692 
f 720//690 719//691 1135//691 
f 717//689 720//690 1134//690 
f 718//688 717//689 1133//689 
f 668//687 718//688 1132//688 
f 669//686 668//687 1131//687 
f 716//685 669//686 1130//686 
f 775//684 716//685 1129//685 
f 666//683 775//684 1128//684 
f 667//682 666//683 1127//683 
f 664//681 667//682 1126//682 
f 665//680 664//681 1125//681 
f 616//679 665//680 1124//680 
f 617//678 616//679 1123//679 
f 600//677 617//678 1122//678 
f 601//676 600//677 1121//677 
f 615//675 601//676 1120//676 
f 662//674 615//675 1119//675 
f 663//673 662//674 1118//674 
f 714//672 663//673 1117//673 
f 715//671 714//672 1116//672 
f 613//670 715//671 1115//671 
f 614//669 613//670 1114//670 
f 611//668 614//669 1113//669 
f 612//667 611//668 1112//668 
f 586//666 612//667 1111//667 
f 587//665 586//666 1110//666 
f 593//664 587//665 1109//665 
f 592//663 593//664 1108//664 
f 584//662 592//663 1107//663 
f 585//661 584//662 1106//662 
f 598//660 585//661 1105//661 
f 599//659 598//660 1104//660 
f 661//658 599//659 1103//659 
f 823//657 661//658 1102//658 
f 773//656 823//657 1101//657 
f 774//655 773//656 1100//656 
f 887//654 774//655 1099//655 
f 888//653 887//654 1098//654 
f 889//652 888//653 1097//653 
f 756//651 889//652 1096//652 
f 691//650 756//651 1095//651 
f 692//649 691//650 1094//650 
f 813//648 692//649 1093//649 
f 690//647 813//648 1092//648 
f 631//646 690//647 1091//647 
f 632//645 631//646 1090//646 
f 755//644 632//645 1089//645 
f 754//643 755//644 1088//644 
f 688//642 754//643 1087//643 
f 689//641 688//642 1086//642 
f 812//640 689//641 1085//641 
f 752//639 812//640 1084//640 
f 753//638 752//639 1083//639 
f 810//637 753//638 1082//638 
f 811//636 810//637 1081//637 
f 898//635 811//636 1080//636 
f 926//634 898//635 1079//635 
f 927//633 926//634 1078//634 
f 808//632 927//633 1077//633 
f 809//631 808//632 1076//632 
f 853//630 809//631 1075//631 
f 897//629 853//630 1074//630 
f 925//628 897//629 1073//629 
f 895//627 925//628 1072//628 
f 896//626 895//627 1071//627 
f 893//625 896//626 1070//626 
f 894//624 893//625 1069//625 
f 746//623 894//624 1068//624 
f 751//622 746//623 1067//623 
f 686//621 751//622 1066//622 
f 687//620 686//621 1065//621 
f 807//619 687//620 1064//620 
f 850//618 807//619 1063//619 
f 837//617 850//618 1062//618 
f 931//616 837//617 1061//617 
f 902//615 931//616 1060//616 
f 903//614 902//615 1059//615 
f 930//613 903//614 1058//614 
f 993//612 930//613 1057//613 
f 607//611 993//612 1056//612 
f 766//610 607//611 1055//611 
f 764//609 766//610 1054//610 
f 765//608 764//609 1053//609 
f 651//607 765//608 1052//608 
f 656//606 651//607 1051//607 
f 820//605 656//606 1050//606 
f 821//604 820//605 1049//605 
f 867//603 821//604 1048//604 
f 865//602 867//603 1047//603 
f 866//601 865//602 1046//602 
f 863//600 866//601 1045//601 
f 864//599 863//600 1044//600 
f 760//598 864//599 1043//599 
f 640//597 760//598 1042//598 
f 641//596 640//597 1041//597 
f 638//595 641//596 1040//596 
f 639//594 638//595 1039//595 
f 636//593 639//594 1038//594 
f 637//592 636//593 1037//593 
f 635//591 637//592 1036//592 
f 605//590 635//591 1035//591 
f 606//589 605//590 1034//590 
f 759//588 606//589 1033//589 
f 758//587 759//588 1032//588 
f 702//586 758//587 1031//587 
f 703//585 702//586 1030//586 
f 700//584 703//585 1029//585 
f 701//583 700//584 1028//584 
f 757//582 701//583 1027//583 
f 699//581 757//582 1025//582 
o mesh12
f 1169//725 1033//725 1034//725 
f 1169//725 1170//725 1032//725 
f 1171//725 1167//725 1168//725 
f 1171//725 1172//725 1166//725 
f 1173//725 1040//725 1041//725 
f 1173//725 1174//725 1039//725 
f 1174//725 1175//725 1038//725 
f 1175//725 1176//725 1037//725 
f 1032//725 1033//725 1169//725 
f 1170//725 1177//725 1031//725 
f 1178//725 1168//725 1026//725 
f 1166//725 1167//725 1171//725 
f 1179//725 1165//725 1166//725 
f 1179//725 1180//725 1164//725 
f 1181//725 1163//725 1164//725 
f 1181//725 1182//725 1162//725 
f 1183//725 1161//725 1162//725 
f 1183//725 1184//725 1160//725 
f 1185//725 1186//725 1158//725 
f 1186//725 1187//725 1157//725 
f 1188//725 1042//725 1043//725 
f 1189//725 1041//725 1042//725 
f 1039//725 1040//725 1173//725 
f 1037//725 1038//725 1175//725 
f 1190//725 1036//725 1037//725 
f 1190//725 1191//725 1035//725 
f 1192//725 1034//725 1035//725 
f 1031//725 1032//725 1170//725 
f 1193//725 1029//725 1030//725 
f 1193//725 1194//725 1028//725 
f 1195//725 1027//725 1028//725 
f 1195//725 1196//725 1025//725 
f 1168//725 1178//725 1171//725 
f 1164//725 1165//725 1179//725 
f 1162//725 1163//725 1181//725 
f 1160//725 1161//725 1183//725 
f 1185//725 1159//725 1160//725 
f 1157//725 1158//725 1186//725 
f 1197//725 1089//725 1090//725 
f 1197//725 1198//725 1088//725 
f 1042//725 1188//725 1189//725 
f 1038//725 1039//725 1174//725 
f 1035//725 1036//725 1190//725 
f 1034//725 1192//725 1169//725 
f 1199//725 1030//725 1031//725 
f 1028//725 1029//725 1193//725 
f 1025//725 1027//725 1195//725 
f 1200//725 1026//725 1025//725 
f 1166//725 1172//725 1179//725 
f 1162//725 1182//725 1183//725 
f 1158//725 1159//725 1185//725 
f 1187//725 1201//725 1156//725 
f 1202//725 1155//725 1156//725 
f 1202//725 1203//725 1154//725 
f 1203//725 1204//725 1153//725 
f 1204//725 1205//725 1152//725 
f 1206//725 1094//725 1095//725 
f 1207//725 1093//725 1094//725 
f 1208//725 1090//725 1091//725 
f 1088//725 1089//725 1197//725 
f 1209//725 1085//725 1086//725 
f 1209//725 1210//725 1084//725 
f 1041//725 1189//725 1173//725 
f 1035//725 1191//725 1192//725 
f 1030//725 1199//725 1193//725 
f 1025//725 1196//725 1200//725 
f 1164//725 1180//725 1181//725 
f 1156//725 1157//725 1187//725 
f 1154//725 1155//725 1202//725 
f 1152//725 1153//725 1204//725 
f 1211//725 1109//725 1110//725 
f 1211//725 1212//725 1108//725 
f 1213//725 1105//725 1106//725 
f 1213//725 1214//725 1104//725 
f 1094//725 1206//725 1207//725 
f 1207//725 1215//725 1092//725 
f 1090//725 1208//725 1197//725 
f 1198//725 1216//725 1087//725 
f 1217//725 1086//725 1087//725 
f 1084//725 1085//725 1209//725 
f 1218//725 1082//725 1083//725 
f 1218//725 1219//725 1081//725 
f 1037//725 1176//725 1190//725 
f 1028//725 1194//725 1195//725 
f 1160//725 1184//725 1185//725 
f 1153//725 1154//725 1203//725 
f 1220//725 1221//725 1146//725 
f 1221//725 1222//725 1145//725 
f 1108//725 1109//725 1211//725 
f 1212//725 1223//725 1107//725 
f 1224//725 1106//725 1107//725 
f 1104//725 1105//725 1213//725 
f 1225//725 1096//725 1097//725 
f 1225//725 1226//725 1095//725 
f 1092//725 1093//725 1207//725 
f 1215//725 1227//725 1091//725 
f 1087//725 1088//725 1198//725 
f 1086//725 1217//725 1209//725 
f 1228//725 1083//725 1084//725 
f 1081//725 1082//725 1218//725 
f 1219//725 1229//725 1080//725 
f 1229//725 1230//725 1079//725 
f 1031//725 1177//725 1199//725 
f 1156//725 1201//725 1202//725 
f 1220//725 1147//725 1148//725 
f 1145//725 1146//725 1221//725 
f 1222//725 1231//725 1144//725 
f 1232//725 1143//725 1144//725 
f 1233//725 1120//725 1121//725 
f 1234//725 1119//725 1120//725 
f 1107//725 1108//725 1212//725 
f 1106//725 1224//725 1213//725 
f 1235//725 1103//725 1104//725 
f 1235//725 1236//725 1102//725 
f 1237//725 1101//725 1102//725 
f 1237//725 1238//725 1100//725 
f 1239//725 1099//725 1100//725 
f 1239//725 1240//725 1098//725 
f 1241//725 1097//725 1098//725 
f 1095//725 1096//725 1225//725 
f 1091//725 1092//725 1215//725 
f 1087//725 1216//725 1217//725 
f 1083//725 1228//725 1218//725 
f 1079//725 1080//725 1229//725 
f 1242//725 1075//725 1076//725 
f 1242//725 1243//725 1074//725 
f 1244//725 1064//725 1065//725 
f 1244//725 1245//725 1063//725 
f 1246//725 1247//725 1058//725 
f 1247//725 1248//725 1057//725 
f 1249//725 1054//725 1055//725 
f 1249//725 1250//725 1053//725 
f 1250//725 1251//725 1052//725 
f 1251//725 1252//725 1051//725 
f 1253//725 1254//725 1043//725 
f 1026//725 1200//725 1178//725 
f 1255//725 1151//725 1152//725 
f 1255//725 1256//725 1150//725 
f 1257//725 1149//725 1150//725 
f 1257//725 1258//725 1148//725 
f 1146//725 1147//725 1220//725 
f 1144//725 1231//725 1232//725 
f 1259//725 1142//725 1143//725 
f 1260//725 1141//725 1142//725 
f 1261//725 1140//725 1141//725 
f 1261//725 1262//725 1139//725 
f 1263//725 1122//725 1123//725 
f 1264//725 1121//725 1122//725 
f 1120//725 1233//725 1234//725 
f 1234//725 1265//725 1118//725 
f 1266//725 1113//725 1114//725 
f 1267//725 1112//725 1113//725 
f 1268//725 1111//725 1112//725 
f 1268//725 1269//725 1110//725 
f 1107//725 1223//725 1224//725 
f 1102//725 1103//725 1235//725 
f 1100//725 1101//725 1237//725 
f 1098//725 1099//725 1239//725 
f 1097//725 1241//725 1225//725 
f 1091//725 1227//725 1208//725 
f 1080//725 1081//725 1219//725 
f 1270//725 1078//725 1079//725 
f 1074//725 1075//725 1242//725 
f 1243//725 1271//725 1073//725 
f 1271//725 1272//725 1072//725 
f 1272//725 1273//725 1071//725 
f 1274//725 1070//725 1071//725 
f 1275//725 1069//725 1070//725 
f 1276//725 1068//725 1069//725 
f 1276//725 1277//725 1067//725 
f 1278//725 1065//725 1066//725 
f 1063//725 1064//725 1244//725 
f 1279//725 1062//725 1063//725 
f 1279//725 1280//725 1061//725 
f 1281//725 1060//725 1061//725 
f 1281//725 1246//725 1059//725 
f 1057//725 1058//725 1247//725 
f 1248//725 1282//725 1056//725 
f 1053//725 1054//725 1249//725 
f 1051//725 1052//725 1251//725 
f 1252//725 1283//725 1050//725 
f 1284//725 1049//725 1050//725 
f 1285//725 1048//725 1049//725 
f 1285//725 1286//725 1047//725 
f 1287//725 1045//725 1046//725 
f 1287//725 1253//725 1044//725 
f 1043//725 1254//725 1188//725 
f 1150//725 1151//725 1255//725 
f 1148//725 1149//725 1257//725 
f 1144//725 1145//725 1222//725 
f 1142//725 1259//725 1260//725 
f 1139//725 1140//725 1261//725 
f 1288//725 1136//725 1137//725 
f 1289//725 1135//725 1136//725 
f 1290//725 1130//725 1131//725 
f 1290//725 1291//725 1129//725 
f 1292//725 1126//725 1127//725 
f 1292//725 1293//725 1125//725 
f 1293//725 1294//725 1124//725 
f 1294//725 1295//725 1123//725 
f 1122//725 1263//725 1264//725 
f 1118//725 1119//725 1234//725 
f 1296//725 1117//725 1118//725 
f 1296//725 1297//725 1116//725 
f 1113//725 1266//725 1267//725 
f 1110//725 1111//725 1268//725 
f 1104//725 1214//725 1235//725 
f 1100//725 1238//725 1239//725 
f 1095//725 1226//725 1206//725 
f 1079//725 1230//725 1270//725 
f 1298//725 1077//725 1078//725 
f 1298//725 1299//725 1076//725 
f 1073//725 1074//725 1243//725 
f 1071//725 1072//725 1272//725 
f 1070//725 1274//725 1275//725 
f 1067//725 1068//725 1276//725 
f 1065//725 1278//725 1244//725 
f 1061//725 1062//725 1279//725 
f 1059//725 1060//725 1281//725 
f 1056//725 1057//725 1248//725 
f 1052//725 1053//725 1250//725 
f 1050//725 1283//725 1284//725 
f 1047//725 1048//725 1285//725 
f 1286//725 1300//725 1046//725 
f 1044//725 1045//725 1287//725 
f 1152//725 1205//725 1255//725 
f 1148//725 1258//725 1220//725 
f 1141//725 1260//725 1261//725 
f 1301//725 1137//725 1138//725 
f 1136//725 1288//725 1289//725 
f 1302//725 1134//725 1135//725 
f 1302//725 1303//725 1133//725 
f 1304//725 1132//725 1133//725 
f 1304//725 1305//725 1131//725 
f 1129//725 1130//725 1290//725 
f 1291//725 1306//725 1128//725 
f 1125//725 1126//725 1292//725 
f 1123//725 1124//725 1294//725 
f 1121//725 1264//725 1233//725 
f 1116//725 1117//725 1296//725 
f 1307//725 1115//725 1116//725 
f 1307//725 1308//725 1114//725 
f 1112//725 1267//725 1268//725 
f 1102//725 1236//725 1237//725 
f 1084//725 1210//725 1228//725 
f 1076//725 1077//725 1298//725 
f 1072//725 1073//725 1271//725 
f 1069//725 1275//725 1276//725 
f 1277//725 1309//725 1066//725 
f 1063//725 1245//725 1279//725 
f 1058//725 1059//725 1246//725 
f 1282//725 1310//725 1055//725 
f 1050//725 1051//725 1252//725 
f 1046//725 1047//725 1286//725 
f 1043//725 1044//725 1253//725 
f 1143//725 1232//725 1259//725 
f 1137//725 1301//725 1288//725 
f 1133//725 1134//725 1302//725 
f 1131//725 1132//725 1304//725 
f 1128//725 1129//725 1291//725 
f 1124//725 1125//725 1293//725 
f 1118//725 1265//725 1296//725 
f 1114//725 1115//725 1307//725 
f 1110//725 1269//725 1211//725 
f 1078//725 1270//725 1298//725 
f 1071//725 1273//725 1274//725 
f 1066//725 1309//725 1278//725 
f 1055//725 1056//725 1282//725 
f 1049//725 1284//725 1285//725 
f 1150//725 1256//725 1257//725 
f 1311//725 1138//725 1139//725 
f 1135//725 1289//725 1302//725 
f 1131//725 1305//725 1290//725 
f 1306//725 1312//725 1127//725 
f 1123//725 1295//725 1263//725 
f 1114//725 1308//725 1266//725 
f 1076//725 1299//725 1242//725 
f 1061//725 1280//725 1281//725 
f 1046//725 1300//725 1287//725 
f 1138//725 1311//725 1301//725 
f 1127//725 1128//725 1306//725 
f 1116//725 1297//725 1307//725 
f 1066//725 1067//725 1277//725 
f 1139//725 1262//725 1311//725 
f 1127//725 1312//725 1292//725 
f 1055//725 1310//725 1249//725 
f 1098//725 1240//725 1241//725 
f 1133//725 1303//725 1304//725 
o mesh13
f 1313//726 1314//727 1241//727 
f 1315//728 1313//726 1240//729 
f 1316//730 1315//728 1239//731 
f 1317//732 1316//730 1238//733 
f 1318//734 1317//732 1237//735 
f 1319//736 1318//734 1236//737 
f 1320//738 1319//736 1235//739 
f 1321//740 1320//738 1214//741 
f 1322//742 1321//740 1213//743 
f 1323//744 1322//742 1224//745 
f 1324//746 1323//744 1223//747 
f 1325//748 1324//746 1212//749 
f 1326//750 1325//748 1211//751 
f 1327//752 1326//750 1269//753 
f 1328//754 1327//752 1268//755 
f 1329//756 1328//754 1267//757 
f 1330//758 1329//756 1266//759 
f 1331//760 1330//758 1308//761 
f 1332//762 1331//760 1307//763 
f 1333//764 1332//762 1297//765 
f 1334//766 1333//764 1296//767 
f 1335//768 1334//766 1265//769 
f 1336//770 1335//768 1234//771 
f 1337//772 1336//770 1233//773 
f 1338//774 1337//772 1264//775 
f 1339//776 1338//774 1263//777 
f 1340//778 1339//776 1295//779 
f 1341//780 1340//778 1294//781 
f 1342//782 1341//780 1293//783 
f 1343//784 1342//782 1292//785 
f 1344//786 1343//784 1312//787 
f 1345//788 1344//786 1306//789 
f 1346//790 1345//788 1291//791 
f 1347//792 1346//790 1290//793 
f 1348//794 1347//792 1305//795 
f 1349//796 1348//794 1304//797 
f 1350//798 1349//796 1303//799 
f 1351//800 1350//798 1302//801 
f 1352//802 1351//800 1289//803 
f 1353//804 1352//802 1288//805 
f 1354//806 1353//804 1301//807 
f 1355//808 1354//806 1311//809 
f 1356//810 1355//808 1262//811 
f 1357//812 1356//810 1261//813 
f 1358//814 1357//812 1260//815 
f 1359//816 1358//814 1259//817 
f 1360//818 1359//816 1232//819 
f 1361//820 1360//818 1231//821 
f 1362//822 1361//820 1222//823 
f 1363//824 1362//822 1221//825 
f 1364//826 1363//824 1220//827 
f 1365//828 1364//826 1258//829 
f 1366//830 1365//828 1257//831 
f 1367//832 1366//830 1256//833 
f 1368//834 1367//832 1255//835 
f 1369//836 1368//834 1205//837 
f 1370//838 1369//836 1204//839 
f 1371//840 1370//838 1203//841 
f 1372//842 1371//840 1202//843 
f 1373//844 1372//842 1201//845 
f 1374//846 1373//844 1187//847 
f 1375//848 1374//846 1186//849 
f 1376//850 1375//848 1185//851 
f 1377//852 1376//850 1184//853 
f 1378//854 1377//852 1183//855 
f 1379//856 1378//854 1182//857 
f 1380//858 1379//856 1181//859 
f 1381//860 1380//858 1180//861 
f 1382//862 1381//860 1179//863 
f 1383//864 1382//862 1172//865 
f 1384//866 1383//864 1171//867 
f 1385//868 1384//866 1178//869 
f 1386//870 1385//868 1200//871 
f 1387//872 1386//870 1196//873 
f 1388//874 1387//872 1195//875 
f 1389//876 1388//874 1194//877 
f 1390//878 1389//876 1193//879 
f 1391//880 1390//878 1199//881 
f 1392//882 1391//880 1177//883 
f 1393//884 1392//882 1170//885 
f 1394//886 1393//884 1169//887 
f 1395//888 1394//886 1192//889 
f 1396//890 1395//888 1191//891 
f 1397//892 1396//890 1190//893 
f 1398//894 1397//892 1176//895 
f 1399//896 1398//894 1175//897 
f 1400//898 1399//896 1174//899 
f 1401//900 1400//898 1173//901 
f 1402//902 1401//900 1189//903 
f 1403//904 1402//902 1188//905 
f 1404//906 1403//904 1254//907 
f 1405//908 1404//906 1253//909 
f 1406//910 1405//908 1287//911 
f 1407//912 1406//910 1300//913 
f 1408//914 1407//912 1286//915 
f 1409//916 1408//914 1285//917 
f 1410//918 1409//916 1284//919 
f 1411//920 1410//918 1283//921 
f 1412//922 1411//920 1252//923 
f 1413//924 1412//922 1251//925 
f 1414//926 1413//924 1250//927 
f 1415//928 1414//926 1249//929 
f 1416//930 1415//928 1310//931 
f 1417//932 1416//930 1282//933 
f 1418//934 1417//932 1248//935 
f 1419//936 1418//934 1247//937 
f 1420//938 1419//936 1246//939 
f 1421//940 1420//938 1281//941 
f 1422//942 1421//940 1280//943 
f 1423//944 1422//942 1279//945 
f 1424//946 1423//944 1245//947 
f 1425//948 1424//946 1244//949 
f 1426//950 1425//948 1278//951 
f 1427//952 1426//950 1309//953 
f 1428//954 1427//952 1277//955 
f 1429//956 1428//954 1276//957 
f 1430//958 1429//956 1275//959 
f 1431//960 1430//958 1274//961 
f 1432//962 1431//960 1273//963 
f 1433//964 1432//962 1272//965 
f 1434//966 1433//964 1271//967 
f 1435//968 1434//966 1243//969 
f 1436//970 1435//968 1242//971 
f 1437//972 1436//970 1299//973 
f 1438//974 1437//972 1298//975 
f 1439//976 1438//974 1270//977 
f 1440//978 1439//976 1230//979 
f 1441//980 1440//978 1229//981 
f 1442//982 1441//980 1219//983 
f 1443//984 1442//982 1218//985 
f 1444//986 1443//984 1228//987 
f 1445//988 1444//986 1210//989 
f 1446//990 1445//988 1209//991 
f 1447//992 1446//990 1217//993 
f 1448//994 1447//992 1216//995 
f 1449//996 1448//994 1198//997 
f 1450//998 1449//996 1197//999 
f 1451//1000 1450//998 1208//1001 
f 1452//1002 1451//1000 1227//1003 
f 1453//1004 1452//1002 1215//1005 
f 1454//1006 1453//1004 1207//1007 
f 1455//1008 1454//1006 1206//1009 
f 1456//1010 1455//1008 1226//1011 
f 1314//727 1456//1010 1225//1010 
f 1225//1010 1241//727 1314//727 
f 1226//1011 1225//1010 1456//1010 
f 1206//1009 1226//1011 1455//1008 
f 1207//1007 1206//1009 1454//1006 
f 1215//1005 1207//1007 1453//1004 
f 1227//1003 1215//1005 1452//1002 
f 1208//1001 1227//1003 1451//1000 
f 1197//999 1208//1001 1450//998 
f 1198//997 1197//999 1449//996 
f 1216//995 1198//997 1448//994 
f 1217//993 1216//995 1447//992 
f 1209//991 1217//993 1446//990 
f 1210//989 1209//991 1445//988 
f 1228//987 1210//989 1444//986 
f 1218//985 1228//987 1443//984 
f 1219//983 1218//985 1442//982 
f 1229//981 1219//983 1441//980 
f 1230//979 1229//981 1440//978 
f 1270//977 1230//979 1439//976 
f 1298//975 1270//977 1438//974 
f 1299//973 1298//975 1437//972 
f 1242//971 1299//973 1436//970 
f 1243//969 1242//971 1435//968 
f 1271//967 1243//969 1434//966 
f 1272//965 1271//967 1433//964 
f 1273//963 1272//965 1432//962 
f 1274//961 1273//963 1431//960 
f 1275//959 1274//961 1430//958 
f 1276//957 1275//959 1429//956 
f 1277//955 1276//957 1428//954 
f 1309//953 1277//955 1427//952 
f 1278//951 1309//953 1426//950 
f 1244//949 1278//951 1425//948 
f 1245//947 1244//949 1424//946 
f 1279//945 1245//947 1423//944 
f 1280//943 1279//945 1422//942 
f 1281//941 1280//943 1421//940 
f 1246//939 1281//941 1420//938 
f 1247//937 1246//939 1419//936 
f 1248//935 1247//937 1418//934 
f 1282//933 1248//935 1417//932 
f 1310//931 1282//933 1416//930 
f 1249//929 1310//931 1415//928 
f 1250//927 1249//929 1414//926 
f 1251//925 1250//927 1413//924 
f 1252//923 1251//925 1412//922 
f 1283//921 1252//923 1411//920 
f 1284//919 1283//921 1410//918 
f 1285//917 1284//919 1409//916 
f 1286//915 1285//917 1408//914 
f 1300//913 1286//915 1407//912 
f 1287//911 1300//913 1406//910 
f 1253//909 1287//911 1405//908 
f 1254//907 1253//909 1404//906 
f 1188//905 1254//907 1403//904 
f 1189//903 1188//905 1402//902 
f 1173//901 1189//903 1401//900 
f 1174//899 1173//901 1400//898 
f 1175//897 1174//899 1399//896 
f 1176//895 1175//897 1398//894 
f 1190//893 1176//895 1397//892 
f 1191//891 1190//893 1396//890 
f 1192//889 1191//891 1395//888 
f 1169//887 1192//889 1394//886 
f 1170//885 1169//887 1393//884 
f 1177//883 1170//885 1392//882 
f 1199//881 1177//883 1391//880 
f 1193//879 1199//881 1390//878 
f 1194//877 1193//879 1389//876 
f 1195//875 1194//877 1388//874 
f 1196//873 1195//875 1387//872 
f 1200//871 1196//873 1386//870 
f 1178//869 1200//871 1385//868 
f 1171//867 1178//869 1384//866 
f 1172//865 1171//867 1383//864 
f 1179//863 1172//865 1382//862 
f 1180//861 1179//863 1381//860 
f 1181//859 1180//861 1380//858 
f 1182//857 1181//859 1379//856 
f 1183//855 1182//857 1378//854 
f 1184//853 1183//855 1377//852 
f 1185//851 1184//853 1376//850 
f 1186//849 1185//851 1375//848 
f 1187//847 1186//849 1374//846 
f 1201//845 1187//847 1373//844 
f 1202//843 1201//845 1372//842 
f 1203//841 1202//843 1371//840 
f 1204//839 1203//841 1370//838 
f 1205//837 1204//839 1369//836 
f 1255//835 1205//837 1368//834 
f 1256//833 1255//835 1367//832 
f 1257//831 1256//833 1366//830 
f 1258//829 1257//831 1365//828 
f 1220//827 1258//829 1364//826 
f 1221//825 1220//827 1363//824 
f 1222//823 1221//825 1362//822 
f 1231//821 1222//823 1361//820 
f 1232//819 1231//821 1360//818 
f 1259//817 1232//819 1359//816 
f 1260//815 1259//817 1358//814 
f 1261//813 1260//815 1357//812 
f 1262//811 1261//813 1356//810 
f 1311//809 1262//811 1355//808 
f 1301//807 1311//809 1354//806 
f 1288//805 1301//807 1353//804 
f 1289//803 1288//805 1352//802 
f 1302//801 1289//803 1351//800 
f 1303//799 1302//801 1350//798 
f 1304//797 1303//799 1349//796 
f 1305//795 1304//797 1348//794 
f 1290//793 1305//795 1347//792 
f 1291//791 1290//793 1346//790 
f 1306//789 1291//791 1345//788 
f 1312//787 1306//789 1344//786 
f 1292//785 1312//787 1343//784 
f 1293//783 1292//785 1342//782 
f 1294//781 1293//783 1341//780 
f 1295//779 1294//781 1340//778 
f 1263//777 1295//779 1339//776 
f 1264//775 1263//777 1338//774 
f 1233//773 1264//775 1337//772 
f 1234//771 1233//773 1336//770 
f 1265//769 1234//771 1335//768 
f 1296//767 1265//769 1334//766 
f 1297//765 1296//767 1333//764 
f 1307//763 1297//765 1332//762 
f 1308//761 1307//763 1331//760 
f 1266//759 1308//761 1330//758 
f 1267//757 1266//759 1329//756 
f 1268//755 1267//757 1328//754 
f 1269//753 1268//755 1327//752 
f 1211//751 1269//753 1326//750 
f 1212//749 1211//751 1325//748 
f 1223//747 1212//749 1324//746 
f 1224//745 1223//747 1323//744 
f 1213//743 1224//745 1322//742 
f 1214//741 1213//743 1321//740 
f 1235//739 1214//741 1320//738 
f 1236//737 1235//739 1319//736 
f 1237//735 1236//737 1318//734 
f 1238//733 1237//735 1317//732 
f 1239//731 1238//733 1316//730 
f 1240//729 1239//731 1315//728 
f 1241//727 1240//729 1313//726 
o mesh14
f 1457//1012 1458//1013 620//1013 
f 1459//1014 1457//1012 621//1015 
f 1460//1016 1459//1014 597//1017 
f 1461//1018 1460//1016 596//1019 
f 1462//1020 1461//1018 582//1021 
f 1463//1022 1462//1020 581//1023 
f 1464//1024 1463//1022 589//1025 
f 1465//1026 1464//1024 591//1027 
f 1466//1028 1465//1026 590//1029 
f 1467//1030 1466//1028 604//1031 
f 1468//1032 1467//1030 603//1033 
f 1469//1034 1468//1032 728//1035 
f 1470//1036 1469//1034 780//1037 
f 1471//1038 1470//1036 730//1039 
f 1472//1040 1471//1038 729//1041 
f 1473//1042 1472//1040 624//1043 
f 1474//1044 1473//1042 623//1045 
f 1475//1046 1474//1044 674//1047 
f 1476//1048 1475//1046 675//1049 
f 1477//1050 1476//1048 626//1051 
f 1478//1052 1477//1050 625//1053 
f 1479//1054 1478//1052 782//1055 
f 1480//1056 1479//1054 781//1057 
f 1481//1058 1480//1056 784//1059 
f 1482//1060 1481//1058 783//1061 
f 1483//1062 1482//1060 936//1063 
f 1484//1064 1483//1062 935//1065 
f 1485//1066 1484//1064 970//1067 
f 1486//1068 1485//1066 996//1069 
f 1487//1070 1486//1068 971//1071 
f 1488//1072 1487//1070 908//1073 
f 1489//1074 1488//1072 907//1075 
f 1490//1076 1489//1074 910//1077 
f 1491//1078 1490//1076 909//1079 
f 1492//1080 1491//1078 938//1081 
f 1493//1082 1492//1080 937//1083 
f 1494//1084 1493//1082 940//1085 
f 1495//1086 1494//1084 951//1087 
f 1496//1088 1495//1086 953//1089 
f 1497//1090 1496//1088 952//1091 
f 1498//1092 1497//1090 955//1093 
f 1499//1094 1498//1092 954//1095 
f 1500//1096 1499//1094 957//1097 
f 1501//1098 1500//1096 956//1099 
f 1502//1100 1501//1098 1005//1101 
f 1503//1102 1502//1100 982//1103 
f 1504//1104 1503//1102 958//1105 
f 1505//1106 1504//1104 914//1107 
f 1506//1108 1505//1106 913//1109 
f 1507//1110 1506//1108 983//1111 
f 1508//1112 1507//1110 916//1113 
f 1509//1114 1508//1112 915//1115 
f 1510//1116 1509//1114 838//1117 
f 1511//1118 1510//1116 787//1119 
f 1512//1120 1511//1118 786//1121 
f 1513//1122 1512//1120 835//1123 
f 1514//1124 1513//1122 836//1125 
f 1515//1126 1514//1124 789//1127 
f 1516//1128 1515//1126 788//1129 
f 1517//1130 1516//1128 879//1131 
f 1518//1132 1517//1130 680//1133 
f 1519//1134 1518//1132 791//1135 
f 1520//1136 1519//1134 790//1137 
f 1521//1138 1520//1136 793//1139 
f 1522//1140 1521//1138 792//1141 
f 1523//1142 1522//1140 732//1143 
f 1524//1144 1523//1142 731//1145 
f 1525//1146 1524//1144 733//1147 
f 1526//1148 1525//1146 676//1149 
f 1527//1150 1526//1148 629//1151 
f 1528//1152 1527//1150 628//1153 
f 1529//1154 1528//1152 735//1155 
f 1530//1156 1529//1154 678//1157 
f 1531//1158 1530//1156 677//1159 
f 1532//1160 1531//1158 816//1161 
f 1533//1162 1532//1160 704//1163 
f 1534//1164 1533//1162 643//1165 
f 1535//1166 1534//1164 642//1167 
f 1536//1168 1535//1166 705//1169 
f 1537//1170 1536//1168 645//1171 
f 1538//1172 1537//1170 644//1173 
f 1539//1174 1538//1172 761//1175 
f 1540//1176 1539//1174 646//1177 
f 1541//1178 1540//1176 609//1179 
f 1542//1180 1541//1178 608//1181 
f 1543//1182 1542//1180 648//1183 
f 1544//1184 1543//1182 647//1185 
f 1545//1186 1544//1184 706//1187 
f 1546//1188 1545//1186 650//1189 
f 1547//1190 1546//1188 649//1191 
f 1548//1192 1547//1190 762//1193 
f 1549//1194 1548//1192 818//1195 
f 1550//1196 1549//1194 817//1197 
f 1551//1198 1550//1196 819//1199 
f 1552//1200 1551//1198 763//1201 
f 1553//1202 1552//1200 707//1203 
f 1554//1204 1553//1202 653//1205 
f 1555//1206 1554//1204 652//1207 
f 1556//1208 1555//1206 655//1209 
f 1557//1210 1556//1208 654//1211 
f 1558//1212 1557//1210 602//1213 
f 1559//1214 1558//1212 868//1215 
f 1560//1216 1559//1214 768//1217 
f 1561//1218 1560//1216 767//1219 
f 1562//1220 1561//1218 770//1221 
f 1563//1222 1562//1220 769//1223 
f 1564//1224 1563//1222 709//1225 
f 1565//1226 1564//1224 708//1227 
f 1566//1228 1565//1226 658//1229 
f 1567//1230 1566//1228 657//1231 
f 1568//1232 1567//1230 660//1233 
f 1569//1234 1568//1232 659//1235 
f 1570//1236 1569//1234 711//1237 
f 1571//1238 1570//1236 710//1239 
f 1572//1240 1571//1238 713//1241 
f 1573//1242 1572//1240 712//1243 
f 1574//1244 1573//1242 610//1245 
f 1575//1246 1574//1244 870//1247 
f 1576//1248 1575//1246 869//1249 
f 1577//1250 1576//1248 871//1251 
f 1578//1252 1577//1250 772//1253 
f 1579//1254 1578//1252 771//1255 
f 1580//1256 1579//1254 822//1257 
f 1581//1258 1580//1256 995//1259 
f 1582//1260 1581//1258 994//1261 
f 1583//1262 1582//1260 933//1263 
f 1584//1264 1583//1262 932//1265 
f 1585//1266 1584//1264 969//1267 
f 1586//1268 1585//1266 905//1269 
f 1587//1270 1586//1268 904//1271 
f 1588//1272 1587//1270 934//1273 
f 1589//1274 1588//1272 826//1275 
f 1590//1276 1589//1274 825//1277 
f 1591//1278 1590//1276 872//1279 
f 1592//1280 1591//1278 828//1281 
f 1593//1282 1592//1280 827//1283 
f 1594//1284 1593//1282 873//1285 
f 1595//1286 1594//1284 830//1287 
f 1596//1288 1595//1286 829//1289 
f 1597//1290 1596//1288 874//1291 
f 1598//1292 1597//1290 832//1293 
f 1599//1294 1598//1292 831//1295 
f 1600//1296 1599//1294 834//1297 
f 1458//1013 1600//1296 833//1296 
f 833//1296 620//1013 1458//1013 
f 834//1297 833//1296 1600//1296 
f 831//1295 834//1297 1599//1294 
f 832//1293 831//1295 1598//1292 
f 874//1291 832//1293 1597//1290 
f 829//1289 874//1291 1596//1288 
f 830//1287 829//1289 1595//1286 
f 873//1285 830//1287 1594//1284 
f 827//1283 873//1285 1593//1282 
f 828//1281 827//1283 1592//1280 
f 872//1279 828//1281 1591//1278 
f 825//1277 872//1279 1590//1276 
f 826//1275 825//1277 1589//1274 
f 934//1273 826//1275 1588//1272 
f 904//1271 934//1273 1587//1270 
f 905//1269 904//1271 1586//1268 
f 969//1267 905//1269 1585//1266 
f 932//1265 969//1267 1584//1264 
f 933//1263 932//1265 1583//1262 
f 994//1261 933//1263 1582//1260 
f 995//1259 994//1261 1581//1258 
f 822//1257 995//1259 1580//1256 
f 771//1255 822//1257 1579//1254 
f 772//1253 771//1255 1578//1252 
f 871//1251 772//1253 1577//1250 
f 869//1249 871//1251 1576//1248 
f 870//1247 869//1249 1575//1246 
f 610//1245 870//1247 1574//1244 
f 712//1243 610//1245 1573//1242 
f 713//1241 712//1243 1572//1240 
f 710//1239 713//1241 1571//1238 
f 711//1237 710//1239 1570//1236 
f 659//1235 711//1237 1569//1234 
f 660//1233 659//1235 1568//1232 
f 657//1231 660//1233 1567//1230 
f 658//1229 657//1231 1566//1228 
f 708//1227 658//1229 1565//1226 
f 709//1225 708//1227 1564//1224 
f 769//1223 709//1225 1563//1222 
f 770//1221 769//1223 1562//1220 
f 767//1219 770//1221 1561//1218 
f 768//1217 767//1219 1560//1216 
f 868//1215 768//1217 1559//1214 
f 602//1213 868//1215 1558//1212 
f 654//1211 602//1213 1557//1210 
f 655//1209 654//1211 1556//1208 
f 652//1207 655//1209 1555//1206 
f 653//1205 652//1207 1554//1204 
f 707//1203 653//1205 1553//1202 
f 763//1201 707//1203 1552//1200 
f 819//1199 763//1201 1551//1198 
f 817//1197 819//1199 1550//1196 
f 818//1195 817//1197 1549//1194 
f 762//1193 818//1195 1548//1192 
f 649//1191 762//1193 1547//1190 
f 650//1189 649//1191 1546//1188 
f 706//1187 650//1189 1545//1186 
f 647//1185 706//1187 1544//1184 
f 648//1183 647//1185 1543//1182 
f 608//1181 648//1183 1542//1180 
f 609//1179 608//1181 1541//1178 
f 646//1177 609//1179 1540//1176 
f 761//1175 646//1177 1539//1174 
f 644//1173 761//1175 1538//1172 
f 645//1171 644//1173 1537//1170 
f 705//1169 645//1171 1536//1168 
f 642//1167 705//1169 1535//1166 
f 643//1165 642//1167 1534//1164 
f 704//1163 643//1165 1533//1162 
f 816//1161 704//1163 1532//1160 
f 677//1159 816//1161 1531//1158 
f 678//1157 677//1159 1530//1156 
f 735//1155 678//1157 1529//1154 
f 628//1153 735//1155 1528//1152 
f 629//1151 628//1153 1527//1150 
f 676//1149 629//1151 1526//1148 
f 733//1147 676//1149 1525//1146 
f 731//1145 733//1147 1524//1144 
f 732//1143 731//1145 1523//1142 
f 792//1141 732//1143 1522//1140 
f 793//1139 792//1141 1521//1138 
f 790//1137 793//1139 1520//1136 
f 791//1135 790//1137 1519//1134 
f 680//1133 791//1135 1518//1132 
f 879//1131 680//1133 1517//1130 
f 788//1129 879//1131 1516//1128 
f 789//1127 788//1129 1515//1126 
f 836//1125 789//1127 1514//1124 
f 835//1123 836//1125 1513//1122 
f 786//1121 835//1123 1512//1120 
f 787//1119 786//1121 1511//1118 
f 838//1117 787//1119 1510//1116 
f 915//1115 838//1117 1509//1114 
f 916//1113 915//1115 1508//1112 
f 983//1111 916//1113 1507//1110 
f 913//1109 983//1111 1506//1108 
f 914//1107 913//1109 1505//1106 
f 958//1105 914//1107 1504//1104 
f 982//1103 958//1105 1503//1102 
f 1005//1101 982//1103 1502//1100 
f 956//1099 1005//1101 1501//1098 
f 957//1097 956//1099 1500//1096 
f 954//1095 957//1097 1499//1094 
f 955//1093 954//1095 1498//1092 
f 952//1091 955//1093 1497//1090 
f 953//1089 952//1091 1496//1088 
f 951//1087 953//1089 1495//1086 
f 940//1085 951//1087 1494//1084 
f 937//1083 940//1085 1493//1082 
f 938//1081 937//1083 1492//1080 
f 909//1079 938//1081 1491//1078 
f 910//1077 909//1079 1490//1076 
f 907//1075 910//1077 1489//1074 
f 908//1073 907//1075 1488//1072 
f 971//1071 908//1073 1487//1070 
f 996//1069 971//1071 1486//1068 
f 970//1067 996//1069 1485//1066 
f 935//1065 970//1067 1484//1064 
f 936//1063 935//1065 1483//1062 
f 783//1061 936//1063 1482//1060 
f 784//1059 783//1061 1481//1058 
f 781//1057 784//1059 1480//1056 
f 782//1055 781//1057 1479//1054 
f 625//1053 782//1055 1478//1052 
f 626//1051 625//1053 1477//1050 
f 675//1049 626//1051 1476//1048 
f 674//1047 675//1049 1475//1046 
f 623//1045 674//1047 1474//1044 
f 624//1043 623//1045 1473//1042 
f 729//1041 624//1043 1472//1040 
f 730//1039 729//1041 1471//1038 
f 780//1037 730//1039 1470//1036 
f 728//1035 780//1037 1469//1034 
f 603//1033 728//1035 1468//1032 
f 604//1031 603//1033 1467//1030 
f 590//1029 604//1031 1466//1028 
f 591//1027 590//1029 1465//1026 
f 589//1025 591//1027 1464//1024 
f 581//1023 589//1025 1463//1022 
f 582//1021 581//1023 1462//1020 
f 596//1019 582//1021 1461//1018 
f 597//1017 596//1019 1460//1016 
f 621//1015 597//1017 1459//1014 
f 620//1013 621//1015 1457//1012 
o mesh15
f 1601//1298 1602//1299 679//1299 
f 1603//1300 1601//1298 627//1301 
f 1604//1302 1603//1300 795//1303 
f 1605//1304 1604//1302 794//1305 
f 1606//1306 1605//1304 736//1307 
f 1607//1308 1606//1306 682//1309 
f 1608//1310 1607//1308 681//1311 
f 1609//1312 1608//1310 738//1313 
f 1610//1314 1609//1312 737//1315 
f 1611//1316 1610//1314 797//1317 
f 1612//1318 1611//1316 796//1319 
f 1613//1320 1612//1318 798//1321 
f 1614//1322 1613//1320 785//1323 
f 1615//1324 1614//1322 918//1325 
f 1616//1326 1615//1324 917//1327 
f 1617//1328 1616//1326 840//1329 
f 1618//1330 1617//1328 839//1331 
f 1619//1332 1618//1330 880//1333 
f 1620//1334 1619//1332 881//1335 
f 1621//1336 1620//1334 842//1337 
f 1622//1338 1621//1336 841//1339 
f 1623//1340 1622//1338 985//1341 
f 1624//1342 1623//1340 984//1343 
f 1625//1344 1624//1342 986//1345 
f 1626//1346 1625//1344 912//1347 
f 1627//1348 1626//1346 988//1349 
f 1628//1350 1627//1348 987//1351 
f 1629//1352 1628//1350 1006//1353 
f 1630//1354 1629//1352 1014//1355 
f 1631//1356 1630//1354 1007//1357 
f 1632//1358 1631//1356 960//1359 
f 1633//1360 1632//1358 959//1361 
f 1634//1362 1633//1360 962//1363 
f 1635//1364 1634//1362 961//1365 
f 1636//1366 1635//1364 990//1367 
f 1637//1368 1636//1366 989//1369 
f 1638//1370 1637//1368 991//1371 
f 1639//1372 1638//1370 1010//1373 
f 1640//1374 1639//1372 998//1375 
f 1641//1376 1640//1374 997//1377 
f 1642//1378 1641//1376 973//1379 
f 1643//1380 1642//1378 972//1381 
f 1644//1382 1643//1380 975//1383 
f 1645//1384 1644//1382 974//1385 
f 1646//1386 1645//1384 1011//1387 
f 1647//1388 1646//1386 1015//1389 
f 1648//1390 1647//1388 1012//1391 
f 1649//1392 1648//1390 1000//1393 
f 1650//1394 1649//1392 999//1395 
f 1651//1396 1650//1394 1002//1397 
f 1652//1398 1651//1396 1001//1399 
f 1653//1400 1652//1398 1013//1401 
f 1654//1402 1653//1400 1016//1403 
f 1655//1404 1654//1402 942//1405 
f 1656//1406 1655//1404 941//1407 
f 1657//1408 1656//1406 976//1409 
f 1658//1410 1657//1408 977//1411 
f 1659//1412 1658//1410 944//1413 
f 1660//1414 1659//1412 943//1415 
f 1661//1416 1660//1414 1004//1417 
f 1662//1418 1661//1416 1003//1419 
f 1663//1420 1662//1418 979//1421 
f 1664//1422 1663//1420 978//1423 
f 1665//1424 1664//1422 981//1425 
f 1666//1426 1665//1424 980//1427 
f 1667//1428 1666//1426 946//1429 
f 1668//1430 1667//1428 945//1431 
f 1669//1432 1668//1430 947//1433 
f 1670//1434 1669//1432 878//1435 
f 1671//1436 1670//1434 877//1437 
f 1672//1438 1671//1436 911//1439 
f 1673//1440 1672//1438 949//1441 
f 1674//1442 1673//1440 948//1443 
f 1675//1444 1674//1442 950//1445 
f 1676//1446 1675//1444 883//1447 
f 1677//1448 1676//1446 882//1449 
f 1678//1450 1677//1448 885//1451 
f 1679//1452 1678//1450 884//1453 
f 1680//1454 1679//1452 886//1455 
f 1681//1456 1680//1454 844//1457 
f 1682//1458 1681//1456 843//1459 
f 1683//1460 1682//1458 740//1461 
f 1684//1462 1683//1460 739//1463 
f 1685//1464 1684//1462 742//1465 
f 1686//1466 1685//1464 741//1467 
f 1687//1468 1686//1466 744//1469 
f 1688//1470 1687//1468 743//1471 
f 1689//1472 1688//1470 745//1473 
f 1690//1474 1689//1472 684//1475 
f 1691//1476 1690//1474 683//1477 
f 1692//1478 1691//1476 845//1479 
f 1693//1480 1692//1478 800//1481 
f 1694//1482 1693//1480 799//1483 
f 1695//1484 1694//1482 963//1485 
f 1696//1486 1695//1484 919//1487 
f 1697//1488 1696//1486 920//1489 
f 1698//1490 1697//1488 964//1491 
f 1699//1492 1698//1490 965//1493 
f 1700//1494 1699//1492 891//1495 
f 1701//1496 1700//1494 890//1497 
f 1702//1498 1701//1496 630//1499 
f 1703//1500 1702//1498 921//1501 
f 1704//1502 1703//1500 847//1503 
f 1705//1504 1704//1502 846//1505 
f 1706//1506 1705//1504 849//1507 
f 1707//1508 1706//1506 848//1509 
f 1708//1510 1707//1508 802//1511 
f 1709//1512 1708//1510 801//1513 
f 1710//1514 1709//1512 748//1515 
f 1711//1516 1710//1514 747//1517 
f 1712//1518 1711//1516 750//1519 
f 1713//1520 1712//1518 749//1521 
f 1714//1522 1713//1520 804//1523 
f 1715//1524 1714//1522 803//1525 
f 1716//1526 1715//1524 806//1527 
f 1717//1528 1716//1526 805//1529 
f 1718//1530 1717//1528 685//1531 
f 1719//1532 1718//1530 923//1533 
f 1720//1534 1719//1532 922//1535 
f 1721//1536 1720//1534 924//1537 
f 1722//1538 1721//1536 852//1539 
f 1723//1540 1722//1538 851//1541 
f 1724//1542 1723//1540 892//1543 
f 1725//1544 1724//1542 1009//1545 
f 1726//1546 1725//1544 1008//1547 
f 1727//1548 1726//1546 967//1549 
f 1728//1550 1727//1548 966//1551 
f 1729//1552 1728//1550 992//1553 
f 1730//1554 1729//1552 929//1555 
f 1731//1556 1730//1554 928//1557 
f 1732//1558 1731//1556 968//1559 
f 1733//1560 1732//1558 855//1561 
f 1734//1562 1733//1560 854//1563 
f 1735//1564 1734//1562 899//1565 
f 1736//1566 1735//1564 857//1567 
f 1737//1568 1736//1566 856//1569 
f 1738//1570 1737//1568 900//1571 
f 1739//1572 1738//1570 859//1573 
f 1740//1574 1739//1572 858//1575 
f 1741//1576 1740//1574 901//1577 
f 1742//1578 1741//1576 861//1579 
f 1743//1580 1742//1578 860//1581 
f 1744//1582 1743//1580 862//1583 
f 1602//1299 1744//1582 734//1582 
f 734//1582 679//1299 1602//1299 
f 862//1583 734//1582 1744//1582 
f 860//1581 862//1583 1743//1580 
f 861//1579 860//1581 1742//1578 
f 901//1577 861//1579 1741//1576 
f 858//1575 901//1577 1740//1574 
f 859//1573 858//1575 1739//1572 
f 900//1571 859//1573 1738//1570 
f 856//1569 900//1571 1737//1568 
f 857//1567 856//1569 1736//1566 
f 899//1565 857//1567 1735//1564 
f 854//1563 899//1565 1734//1562 
f 855//1561 854//1563 1733//1560 
f 968//1559 855//1561 1732//1558 
f 928//1557 968//1559 1731//1556 
f 929//1555 928//1557 1730//1554 
f 992//1553 929//1555 1729//1552 
f 966//1551 992//1553 1728//1550 
f 967//1549 966//1551 1727//1548 
f 1008//1547 967//1549 1726//1546 
f 1009//1545 1008//1547 1725//1544 
f 892//1543 1009//1545 1724//1542 
f 851//1541 892//1543 1723//1540 
f 852//1539 851//1541 1722//1538 
f 924//1537 852//1539 1721//1536 
f 922//1535 924//1537 1720//1534 
f 923//1533 922//1535 1719//1532 
f 685//1531 923//1533 1718//1530 
f 805//1529 685//1531 1717//1528 
f 806//1527 805//1529 1716//1526 
f 803//1525 806//1527 1715//1524 
f 804//1523 803//1525 1714//1522 
f 749//1521 804//1523 1713//1520 
f 750//1519 749//1521 1712//1518 
f 747//1517 750//1519 1711//1516 
f 748//1515 747//1517 1710//1514 
f 801//1513 748//1515 1709//1512 
f 802//1511 801//1513 1708//1510 
f 848//1509 802//1511 1707//1508 
f 849//1507 848//1509 1706//1506 
f 846//1505 849//1507 1705//1504 
f 847//1503 846//1505 1704//1502 
f 921//1501 847//1503 1703//1500 
f 630//1499 921//1501 1702//1498 
f 890//1497 630//1499 1701//1496 
f 891//1495 890//1497 1700//1494 
f 965//1493 891//1495 1699//1492 
f 964//1491 965//1493 1698//1490 
f 920//1489 964//1491 1697//1488 
f 919//1487 920//1489 1696//1486 
f 963//1485 919//1487 1695//1484 
f 799//1483 963//1485 1694//1482 
f 800//1481 799//1483 1693//1480 
f 845//1479 800//1481 1692//1478 
f 683//1477 845//1479 1691//1476 
f 684//1475 683//1477 1690//1474 
f 745//1473 684//1475 1689//1472 
f 743//1471 745//1473 1688//1470 
f 744//1469 743//1471 1687//1468 
f 741//1467 744//1469 1686//1466 
f 742//1465 741//1467 1685//1464 
f 739//1463 742//1465 1684//1462 
f 740//1461 739//1463 1683//1460 
f 843//1459 740//1461 1682//1458 
f 844//1457 843//1459 1681//1456 
f 886//1455 844//1457 1680//1454 
f 884//1453 886//1455 1679//1452 
f 885//1451 884//1453 1678//1450 
f 882//1449 885//1451 1677//1448 
f 883//1447 882//1449 1676//1446 
f 950//1445 883//1447 1675//1444 
f 948//1443 950//1445 1674//1442 
f 949//1441 948//1443 1673//1440 
f 911//1439 949//1441 1672//1438 
f 877//1437 911//1439 1671//1436 
f 878//1435 877//1437 1670//1434 
f 947//1433 878//1435 1669//1432 
f 945//1431 947//1433 1668//1430 
f 946//1429 945//1431 1667//1428 
f 980//1427 946//1429 1666//1426 
f 981//1425 980//1427 1665//1424 
f 978//1423 981//1425 1664//1422 
f 979//1421 978//1423 1663//1420 
f 1003//1419 979//1421 1662//1418 
f 1004//1417 1003//1419 1661//1416 
f 943//1415 1004//1417 1660//1414 
f 944//1413 943//1415 1659//1412 
f 977//1411 944//1413 1658//1410 
f 976//1409 977//1411 1657//1408 
f 941//1407 976//1409 1656//1406 
f 942//1405 941//1407 1655//1404 
f 1016//1403 942//1405 1654//1402 
f 1013//1401 1016//1403 1653//1400 
f 1001//1399 1013//1401 1652//1398 
f 1002//1397 1001//1399 1651//1396 
f 999//1395 1002//1397 1650//1394 
f 1000//1393 999//1395 1649//1392 
f 1012//1391 1000//1393 1648//1390 
f 1015//1389 1012//1391 1647//1388 
f 1011//1387 1015//1389 1646//1386 
f 974//1385 1011//1387 1645//1384 
f 975//1383 974//1385 1644//1382 
f 972//1381 975//1383 1643//1380 
f 973//1379 972//1381 1642//1378 
f 997//1377 973//1379 1641//1376 
f 998//1375 997//1377 1640//1374 
f 1010//1373 998//1375 1639//1372 
f 991//1371 1010//1373 1638//1370 
f 989//1369 991//1371 1637//1368 
f 990//1367 989//1369 1636//1366 
f 961//1365 990//1367 1635//1364 
f 962//1363 961//1365 1634//1362 
f 959//1361 962//1363 1633//1360 
f 960//1359 959//1361 1632//1358 
f 1007//1357 960//1359 1631//1356 
f 1014//1355 1007//1357 1630//1354 
f 1006//1353 1014//1355 1629//1352 
f 987//1351 1006//1353 1628//1350 
f 988//1349 987//1351 1627//1348 
f 912//1347 988//1349 1626//1346 
f 986//1345 912//1347 1625//1344 
f 984//1343 986//1345 1624//1342 
f 985//1341 984//1343 1623//1340 
f 841//1339 985//1341 1622//1338 
f 842//1337 841//1339 1621//1336 
f 881//1335 842//1337 1620//1334 
f 880//1333 881//1335 1619//1332 
f 839//1331 880//1333 1618//1330 
f 840//1329 839//1331 1617//1328 
f 917//1327 840//1329 1616//1326 
f 918//1325 917//1327 1615//1324 
f 785//1323 918//1325 1614//1322 
f 798//1321 785//1323 1613//1320 
f 796//1319 798//1321 1612//1318 
f 797//1317 796//1319 1611//1316 
f 737//1315 797//1317 1610//1314 
f 738//1313 737//1315 1609//1312 
f 681//1311 738//1313 1608//1310 
f 682//1309 681//1311 1607//1308 
f 736//1307 682//1309 1606//1306 
f 794//1305 736//1307 1605//1304 
f 795//1303 794//1305 1604//1302 
f 627//1301 795//1303 1603//1300 
f 679//1299 627//1301 1601//1298 
o mesh16
f 1745//1584 1460//1584 1461//1584 
f 1746//1584 1745//1584 1465//1584 
f 1745//1584 1463//1584 1464//1584 
f 1461//1584 1462//1584 1745//1584 
f 1747//1584 1585//1584 1586//1584 
f 1748//1584 1584//1584 1585//1584 
f 1746//1584 1467//1584 1468//1584 
f 1465//1584 1466//1584 1746//1584 
f 1462//1584 1463//1584 1745//1584 
f 1745//1584 1457//1584 1459//1584 
f 1749//1584 1599//1584 1600//1584 
f 1750//1584 1598//1584 1599//1584 
f 1751//1584 1597//1584 1598//1584 
f 1752//1584 1596//1584 1597//1584 
f 1753//1584 1594//1584 1595//1584 
f 1754//1584 1593//1584 1594//1584 
f 1755//1584 1588//1584 1589//1584 
f 1756//1584 1587//1584 1588//1584 
f 1757//1584 1586//1584 1587//1584 
f 1585//1584 1747//1584 1748//1584 
f 1466//1584 1467//1584 1746//1584 
f 1459//1584 1460//1584 1745//1584 
f 1758//1584 1600//1584 1458//1584 
f 1599//1584 1749//1584 1750//1584 
f 1597//1584 1751//1584 1752//1584 
f 1759//1584 1595//1584 1596//1584 
f 1594//1584 1753//1584 1754//1584 
f 1760//1584 1591//1584 1592//1584 
f 1761//1584 1590//1584 1591//1584 
f 1588//1584 1755//1584 1756//1584 
f 1586//1584 1757//1584 1747//1584 
f 1762//1584 1763//1584 1545//1584 
f 1763//1584 1764//1584 1544//1584 
f 1765//1584 1524//1584 1525//1584 
f 1746//1584 1492//1584 1493//1584 
f 1464//1584 1465//1584 1745//1584 
f 1458//1584 1745//1584 1758//1584 
f 1598//1584 1750//1584 1751//1584 
f 1595//1584 1759//1584 1753//1584 
f 1766//1584 1592//1584 1593//1584 
f 1591//1584 1760//1584 1761//1584 
f 1767//1584 1589//1584 1590//1584 
f 1587//1584 1756//1584 1757//1584 
f 1544//1584 1545//1584 1763//1584 
f 1764//1584 1768//1584 1543//1584 
f 1768//1584 1769//1584 1542//1584 
f 1769//1584 1770//1584 1541//1584 
f 1770//1584 1771//1584 1540//1584 
f 1771//1584 1772//1584 1539//1584 
f 1772//1584 1773//1584 1538//1584 
f 1773//1584 1774//1584 1537//1584 
f 1525//1584 1526//1584 1765//1584 
f 1775//1584 1498//1584 1499//1584 
f 1775//1584 1496//1584 1497//1584 
f 1775//1584 1494//1584 1495//1584 
f 1493//1584 1775//1584 1746//1584 
f 1746//1584 1475//1584 1476//1584 
f 1746//1584 1471//1584 1472//1584 
f 1458//1584 1457//1584 1745//1584 
f 1596//1584 1752//1584 1759//1584 
f 1592//1584 1766//1584 1760//1584 
f 1589//1584 1767//1584 1755//1584 
f 1776//1584 1582//1584 1583//1584 
f 1777//1584 1581//1584 1582//1584 
f 1778//1584 1779//1584 1548//1584 
f 1779//1584 1780//1584 1547//1584 
f 1543//1584 1544//1584 1764//1584 
f 1541//1584 1542//1584 1769//1584 
f 1539//1584 1540//1584 1771//1584 
f 1537//1584 1538//1584 1773//1584 
f 1774//1584 1781//1584 1536//1584 
f 1781//1584 1782//1584 1535//1584 
f 1783//1584 1784//1584 1533//1584 
f 1784//1584 1785//1584 1532//1584 
f 1785//1584 1786//1584 1531//1584 
f 1786//1584 1787//1584 1530//1584 
f 1787//1584 1765//1584 1529//1584 
f 1765//1584 1527//1584 1528//1584 
f 1765//1584 1523//1584 1524//1584 
f 1765//1584 1521//1584 1522//1584 
f 1775//1584 1520//1584 1521//1584 
f 1775//1584 1513//1584 1514//1584 
f 1775//1584 1509//1584 1510//1584 
f 1497//1584 1498//1584 1775//1584 
f 1493//1584 1494//1584 1775//1584 
f 1746//1584 1490//1584 1491//1584 
f 1746//1584 1488//1584 1489//1584 
f 1746//1584 1486//1584 1487//1584 
f 1746//1584 1474//1584 1475//1584 
f 1472//1584 1473//1584 1746//1584 
f 1600//1584 1758//1584 1749//1584 
f 1590//1584 1761//1584 1767//1584 
f 1788//1584 1583//1584 1584//1584 
f 1582//1584 1776//1584 1777//1584 
f 1789//1584 1571//1584 1572//1584 
f 1790//1584 1570//1584 1571//1584 
f 1791//1584 1569//1584 1570//1584 
f 1792//1584 1568//1584 1569//1584 
f 1793//1584 1567//1584 1568//1584 
f 1794//1584 1566//1584 1567//1584 
f 1795//1584 1565//1584 1566//1584 
f 1547//1584 1548//1584 1779//1584 
f 1780//1584 1762//1584 1546//1584 
f 1542//1584 1543//1584 1768//1584 
f 1538//1584 1539//1584 1772//1584 
f 1535//1584 1536//1584 1781//1584 
f 1782//1584 1783//1584 1534//1584 
f 1532//1584 1533//1584 1784//1584 
f 1530//1584 1531//1584 1786//1584 
f 1528//1584 1529//1584 1765//1584 
f 1522//1584 1523//1584 1765//1584 
f 1775//1584 1519//1584 1520//1584 
f 1775//1584 1517//1584 1518//1584 
f 1775//1584 1512//1584 1513//1584 
f 1510//1584 1511//1584 1775//1584 
f 1775//1584 1503//1584 1504//1584 
f 1499//1584 1500//1584 1775//1584 
f 1491//1584 1492//1584 1746//1584 
f 1487//1584 1488//1584 1746//1584 
f 1473//1584 1474//1584 1746//1584 
f 1746//1584 1469//1584 1470//1584 
f 1593//1584 1754//1584 1766//1584 
f 1583//1584 1788//1584 1776//1584 
f 1796//1584 1577//1584 1578//1584 
f 1797//1584 1576//1584 1577//1584 
f 1798//1584 1575//1584 1576//1584 
f 1799//1584 1574//1584 1575//1584 
f 1571//1584 1789//1584 1790//1584 
f 1569//1584 1791//1584 1792//1584 
f 1567//1584 1793//1584 1794//1584 
f 1566//1584 1794//1584 1795//1584 
f 1800//1584 1801//1584 1561//1584 
f 1801//1584 1802//1584 1560//1584 
f 1802//1584 1803//1584 1559//1584 
f 1803//1584 1804//1584 1558//1584 
f 1805//1584 1806//1584 1555//1584 
f 1806//1584 1807//1584 1554//1584 
f 1807//1584 1808//1584 1553//1584 
f 1808//1584 1809//1584 1552//1584 
f 1546//1584 1547//1584 1780//1584 
f 1540//1584 1541//1584 1770//1584 
f 1534//1584 1535//1584 1782//1584 
f 1531//1584 1532//1584 1785//1584 
f 1526//1584 1527//1584 1765//1584 
f 1518//1584 1519//1584 1775//1584 
f 1775//1584 1515//1584 1516//1584 
f 1511//1584 1512//1584 1775//1584 
f 1775//1584 1505//1584 1506//1584 
f 1775//1584 1502//1584 1503//1584 
f 1495//1584 1496//1584 1775//1584 
f 1746//1584 1485//1584 1486//1584 
f 1746//1584 1481//1584 1482//1584 
f 1746//1584 1479//1584 1480//1584 
f 1746//1584 1477//1584 1478//1584 
f 1470//1584 1471//1584 1746//1584 
f 1584//1584 1748//1584 1788//1584 
f 1810//1584 1578//1584 1579//1584 
f 1577//1584 1796//1584 1797//1584 
f 1575//1584 1798//1584 1799//1584 
f 1811//1584 1573//1584 1574//1584 
f 1570//1584 1790//1584 1791//1584 
f 1795//1584 1812//1584 1565//1584 
f 1813//1584 1814//1584 1563//1584 
f 1814//1584 1800//1584 1562//1584 
f 1560//1584 1561//1584 1801//1584 
f 1558//1584 1559//1584 1803//1584 
f 1815//1584 1805//1584 1556//1584 
f 1554//1584 1555//1584 1806//1584 
f 1552//1584 1553//1584 1808//1584 
f 1809//1584 1816//1584 1551//1584 
f 1816//1584 1817//1584 1550//1584 
f 1817//1584 1778//1584 1549//1584 
f 1545//1584 1546//1584 1762//1584 
f 1533//1584 1534//1584 1783//1584 
f 1521//1584 1765//1584 1775//1584 
f 1514//1584 1515//1584 1775//1584 
f 1506//1584 1507//1584 1775//1584 
f 1775//1584 1501//1584 1502//1584 
f 1489//1584 1490//1584 1746//1584 
f 1482//1584 1483//1584 1746//1584 
f 1478//1584 1479//1584 1746//1584 
f 1468//1584 1469//1584 1746//1584 
f 1818//1584 1580//1584 1581//1584 
f 1819//1584 1579//1584 1580//1584 
f 1578//1584 1810//1584 1796//1584 
f 1574//1584 1799//1584 1811//1584 
f 1820//1584 1572//1584 1573//1584 
f 1568//1584 1792//1584 1793//1584 
f 1812//1584 1813//1584 1564//1584 
f 1562//1584 1563//1584 1814//1584 
f 1559//1584 1560//1584 1802//1584 
f 1804//1584 1815//1584 1557//1584 
f 1555//1584 1556//1584 1805//1584 
f 1551//1584 1552//1584 1809//1584 
f 1549//1584 1550//1584 1817//1584 
f 1536//1584 1537//1584 1774//1584 
f 1516//1584 1517//1584 1775//1584 
f 1507//1584 1508//1584 1775//1584 
f 1500//1584 1501//1584 1775//1584 
f 1483//1584 1484//1584 1746//1584 
f 1476//1584 1477//1584 1746//1584 
f 1580//1584 1818//1584 1819//1584 
f 1576//1584 1797//1584 1798//1584 
f 1572//1584 1820//1584 1789//1584 
f 1563//1584 1564//1584 1813//1584 
f 1557//1584 1558//1584 1804//1584 
f 1553//1584 1554//1584 1807//1584 
f 1548//1584 1549//1584 1778//1584 
f 1508//1584 1509//1584 1775//1584 
f 1484//1584 1485//1584 1746//1584 
f 1581//1584 1777//1584 1818//1584 
f 1573//1584 1811//1584 1820//1584 
f 1561//1584 1562//1584 1800//1584 
f 1550//1584 1551//1584 1816//1584 
f 1504//1584 1505//1584 1775//1584 
f 1579//1584 1819//1584 1810//1584 
f 1556//1584 1557//1584 1815//1584 
f 1480//1584 1481//1584 1746//1584 
f 1529//1584 1530//1584 1787//1584 
f 1564//1584 1565//1584 1812//1584 
o mesh17
f 1821//1585 1775//1585 1765//1585 
f 1765//1585 1822//1585 1821//1585 
o mesh18
f 1823//1586 1822//1585 1765//1585 
f 1824//1587 1823//1586 1787//1586 
f 1825//1588 1824//1587 1786//1587 
f 1826//1589 1825//1588 1785//1588 
f 1827//1590 1826//1589 1784//1589 
f 1828//1591 1827//1590 1783//1590 
f 1829//1592 1828//1591 1782//1591 
f 1830//1593 1829//1592 1781//1592 
f 1831//1594 1830//1593 1774//1593 
f 1832//1595 1831//1594 1773//1594 
f 1833//1596 1832//1595 1772//1595 
f 1834//1597 1833//1596 1771//1596 
f 1835//1598 1834//1597 1770//1597 
f 1836//1599 1835//1598 1769//1598 
f 1837//1600 1836//1599 1768//1599 
f 1838//1601 1837//1600 1764//1600 
f 1839//1602 1838//1601 1763//1601 
f 1840//1603 1839//1602 1762//1602 
f 1841//1604 1840//1603 1780//1603 
f 1842//1605 1841//1604 1779//1604 
f 1843//1606 1842//1605 1778//1605 
f 1844//1607 1843//1606 1817//1606 
f 1845//1608 1844//1607 1816//1607 
f 1846//1609 1845//1608 1809//1608 
f 1847//1610 1846//1609 1808//1609 
f 1848//1611 1847//1610 1807//1610 
f 1849//1612 1848//1611 1806//1611 
f 1850//1613 1849//1612 1805//1612 
f 1851//1614 1850//1613 1815//1613 
f 1852//1615 1851//1614 1804//1614 
f 1853//1616 1852//1615 1803//1615 
f 1854//1617 1853//1616 1802//1616 
f 1855//1618 1854//1617 1801//1617 
f 1856//1619 1855//1618 1800//1618 
f 1857//1620 1856//1619 1814//1619 
f 1858//1621 1857//1620 1813//1620 
f 1859//1622 1858//1621 1812//1621 
f 1860//1623 1859//1622 1795//1622 
f 1861//1624 1860//1623 1794//1623 
f 1862//1625 1861//1624 1793//1624 
f 1863//1626 1862//1625 1792//1625 
f 1864//1627 1863//1626 1791//1626 
f 1865//1628 1864//1627 1790//1627 
f 1866//1629 1865//1628 1789//1628 
f 1867//1630 1866//1629 1820//1629 
f 1868//1631 1867//1630 1811//1630 
f 1869//1632 1868//1631 1799//1631 
f 1870//1633 1869//1632 1798//1632 
f 1871//1634 1870//1633 1797//1633 
f 1872//1635 1871//1634 1796//1634 
f 1873//1636 1872//1635 1810//1635 
f 1874//1637 1873//1636 1819//1636 
f 1875//1638 1874//1637 1818//1637 
f 1876//1639 1875//1638 1777//1638 
f 1877//1640 1876//1639 1776//1639 
f 1878//1641 1877//1640 1788//1640 
f 1879//1642 1878//1641 1748//1641 
f 1880//1643 1879//1642 1747//1642 
f 1881//1644 1880//1643 1757//1643 
f 1882//1645 1881//1644 1756//1644 
f 1883//1646 1882//1645 1755//1645 
f 1884//1647 1883//1646 1767//1646 
f 1885//1648 1884//1647 1761//1647 
f 1886//1649 1885//1648 1760//1648 
f 1887//1650 1886//1649 1766//1649 
f 1888//1651 1887//1650 1754//1650 
f 1889//1652 1888//1651 1753//1651 
f 1890//1653 1889//1652 1759//1652 
f 1891//1654 1890//1653 1752//1653 
f 1892//1655 1891//1654 1751//1654 
f 1893//1656 1892//1655 1750//1655 
f 1894//1657 1893//1656 1749//1656 
f 1895//1658 1894//1657 1758//1657 
f 1758//1657 1745//1658 1895//1658 
f 1749//1656 1758//1657 1894//1657 
f 1750//1655 1749//1656 1893//1656 
f 1751//1654 1750//1655 1892//1655 
f 1752//1653 1751//1654 1891//1654 
f 1759//1652 1752//1653 1890//1653 
f 1753//1651 1759//1652 1889//1652 
f 1754//1650 1753//1651 1888//1651 
f 1766//1649 1754//1650 1887//1650 
f 1760//1648 1766//1649 1886//1649 
f 1761//1647 1760//1648 1885//1648 
f 1767//1646 1761//1647 1884//1647 
f 1755//1645 1767//1646 1883//1646 
f 1756//1644 1755//1645 1882//1645 
f 1757//1643 1756//1644 1881//1644 
f 1747//1642 1757//1643 1880//1643 
f 1748//1641 1747//1642 1879//1642 
f 1788//1640 1748//1641 1878//1641 
f 1776//1639 1788//1640 1877//1640 
f 1777//1638 1776//1639 1876//1639 
f 1818//1637 1777//1638 1875//1638 
f 1819//1636 1818//1637 1874//1637 
f 1810//1635 1819//1636 1873//1636 
f 1796//1634 1810//1635 1872//1635 
f 1797//1633 1796//1634 1871//1634 
f 1798//1632 1797//1633 1870//1633 
f 1799//1631 1798//1632 1869//1632 
f 1811//1630 1799//1631 1868//1631 
f 1820//1629 1811//1630 1867//1630 
f 1789//1628 1820//1629 1866//1629 
f 1790//1627 1789//1628 1865//1628 
f 1791//1626 1790//1627 1864//1627 
f 1792//1625 1791//1626 1863//1626 
f 1793//1624 1792//1625 1862//1625 
f 1794//1623 1793//1624 1861//1624 
f 1795//1622 1794//1623 1860//1623 
f 1812//1621 1795//1622 1859//1622 
f 1813//1620 1812//1621 1858//1621 
f 1814//1619 1813//1620 1857//1620 
f 1800//1618 1814//1619 1856//1619 
f 1801//1617 1800//1618 1855//1618 
f 1802//1616 1801//1617 1854//1617 
f 1803//1615 1802//1616 1853//1616 
f 1804//1614 1803//1615 1852//1615 
f 1815//1613 1804//1614 1851//1614 
f 1805//1612 1815//1613 1850//1613 
f 1806//1611 1805//1612 1849//1612 
f 1807//1610 1806//1611 1848//1611 
f 1808//1609 1807//1610 1847//1610 
f 1809//1608 1808//1609 1846//1609 
f 1816//1607 1809//1608 1845//1608 
f 1817//1606 1816//1607 1844//1607 
f 1778//1605 1817//1606 1843//1606 
f 1779//1604 1778//1605 1842//1605 
f 1780//1603 1779//1604 1841//1604 
f 1762//1602 1780//1603 1840//1603 
f 1763//1601 1762//1602 1839//1602 
f 1764//1600 1763//1601 1838//1601 
f 1768//1599 1764//1600 1837//1600 
f 1769//1598 1768//1599 1836//1599 
f 1770//1597 1769//1598 1835//1598 
f 1771//1596 1770//1597 1834//1597 
f 1772//1595 1771//1596 1833//1596 
f 1773//1594 1772//1595 1832//1595 
f 1774//1593 1773//1594 1831//1594 
f 1781//1592 1774//1593 1830//1593 
f 1782//1591 1781//1592 1829//1592 
f 1783//1590 1782//1591 1828//1591 
f 1784//1589 1783//1590 1827//1590 
f 1785//1588 1784//1589 1826//1589 
f 1786//1587 1785//1588 1825//1588 
f 1787//1586 1786//1587 1824//1587 
f 1765//1585 1787//1586 1823//1586 
o mesh19
f 1896//1658 1895//1658 1745//1658 
f 1745//1658 1746//1658 1896//1658 
o mesh20
f 1897//1659 1898//1659 1775//1659 
f 939//1659 1746//1659 1775//1659 
f 1023//1659 876//1659 1899//1659 
f 876//1659 939//1659 1898//1659 
f 1775//1659 1898//1659 939//1659 
f 1020//1659 1896//1659 1746//1659 
f 1898//1659 1899//1659 876//1659 
f 1746//1659 939//1659 1020//1659 
f 1775//1659 1821//1659 1897//1659 
f 1899//1659 1900//1659 1023//1659 
o mesh21
f 286//1660 2//1660 1385//1660 
f 1384//1660 1385//1660 2//1660 
f 1385//1660 1386//1660 286//1660 
f 284//1660 286//1660 1391//1660 
f 1398//1660 274//1660 276//1660 
f 1398//1660 260//1660 262//1660 
f 1024//1660 1443//1660 1444//1660 
f 1419//1660 1901//1660 1902//1660 
f 1386//1660 1387//1660 286//1660 
f 282//1660 1392//1660 1393//1660 
f 1392//1660 282//1660 284//1660 
f 1398//1660 272//1660 274//1660 
f 1398//1660 268//1660 270//1660 
f 1398//1660 264//1660 266//1660 
f 1398//1660 258//1660 260//1660 
f 212//1660 1880//1660 1881//1660 
f 1024//1660 1450//1660 1451//1660 
f 1024//1660 1445//1660 1446//1660 
f 1024//1660 1442//1660 1443//1660 
f 1423//1660 1903//1660 1904//1660 
f 1423//1660 1905//1660 1906//1660 
f 1423//1660 1907//1660 1908//1660 
f 1419//1660 1909//1660 1910//1660 
f 1419//1660 1911//1660 1912//1660 
f 1419//1660 1913//1660 1914//1660 
f 1902//1660 1915//1660 1419//1660 
f 286//1660 1388//1660 1389//1660 
f 1384//1660 1//1660 4//1660 
f 2//1660 1//1660 1384//1660 
f 282//1660 1395//1660 1396//1660 
f 1391//1660 1392//1660 284//1660 
f 270//1660 272//1660 1398//1660 
f 262//1660 264//1660 1398//1660 
f 220//1660 1829//1660 1830//1660 
f 220//1660 1827//1660 1828//1660 
f 220//1660 1825//1660 1826//1660 
f 212//1660 1889//1660 1890//1660 
f 212//1660 1886//1660 1887//1660 
f 212//1660 1883//1660 1884//1660 
f 1881//1660 1882//1660 212//1660 
f 1017//1660 1322//1660 1323//1660 
f 1024//1660 1449//1660 1450//1660 
f 1444//1660 1445//1660 1024//1660 
f 1904//1660 1916//1660 1423//1660 
f 1908//1660 1905//1660 1423//1660 
f 1422//1660 1917//1660 1918//1660 
f 1420//1660 1919//1660 1920//1660 
f 1910//1660 1921//1660 1419//1660 
f 1419//1660 1922//1660 1911//1660 
f 1915//1660 1913//1660 1419//1660 
f 1384//1660 6//1660 8//1660 
f 1389//1660 1390//1660 286//1660 
f 1387//1660 1388//1660 286//1660 
f 1396//1660 1397//1660 282//1660 
f 1393//1660 1394//1660 282//1660 
f 1398//1660 278//1660 280//1660 
f 266//1660 268//1660 1398//1660 
f 1830//1660 1831//1660 220//1660 
f 1826//1660 1827//1660 220//1660 
f 218//1660 1850//1660 1851//1660 
f 214//1660 1864//1660 1865//1660 
f 1890//1660 1891//1660 212//1660 
f 212//1660 1885//1660 1886//1660 
f 1882//1660 1883//1660 212//1660 
f 1017//1660 1321//1660 1322//1660 
f 1017//1660 1319//1660 1320//1660 
f 1017//1660 1316//1660 1317//1660 
f 1024//1660 1456//1660 1314//1660 
f 1024//1660 1448//1660 1449//1660 
f 1446//1660 1447//1660 1024//1660 
f 1423//1660 1923//1660 1924//1660 
f 1423//1660 1925//1660 1926//1660 
f 1906//1660 1903//1660 1423//1660 
f 1918//1660 1927//1660 1422//1660 
f 1422//1660 1928//1660 1929//1660 
f 1422//1660 1930//1660 1931//1660 
f 1420//1660 1932//1660 1933//1660 
f 1420//1660 1934//1660 1935//1660 
f 1920//1660 1936//1660 1420//1660 
f 1419//1660 1937//1660 1909//1660 
f 1914//1660 1922//1660 1419//1660 
f 1419//1660 1938//1660 1939//1660 
f 8//1660 10//1660 1384//1660 
f 4//1660 6//1660 1384//1660 
f 1394//1660 1395//1660 282//1660 
f 276//1660 278//1660 1398//1660 
f 220//1660 1836//1660 1837//1660 
f 220//1660 1833//1660 1834//1660 
f 1828//1660 1829//1660 220//1660 
f 1851//1660 1852//1660 218//1660 
f 218//1660 1848//1660 1849//1660 
f 218//1660 1845//1660 1846//1660 
f 214//1660 1869//1660 1870//1660 
f 214//1660 1867//1660 1868//1660 
f 1865//1660 1866//1660 214//1660 
f 212//1660 1888//1660 1889//1660 
f 1884//1660 1885//1660 212//1660 
f 212//1660 1876//1660 1877//1660 
f 1020//1660 158//1660 160//1660 
f 1020//1660 150//1660 152//1660 
f 1383//1660 1384//1660 12//1660 
f 1018//1660 1336//1660 1337//1660 
f 1018//1660 1333//1660 1334//1660 
f 1320//1660 1321//1660 1017//1660 
f 1317//1660 1318//1660 1017//1660 
f 1017//1660 1313//1660 1315//1660 
f 1314//1660 1017//1660 1024//1660 
f 1024//1660 1452//1660 1453//1660 
f 1447//1660 1448//1660 1024//1660 
f 1023//1660 1940//1660 1941//1660 
f 1422//1660 1942//1660 1943//1660 
f 1423//1660 1944//1660 1942//1660 
f 1423//1660 1945//1660 1946//1660 
f 1423//1660 1947//1660 1923//1660 
f 1423//1660 1948//1660 1925//1660 
f 1423//1660 1949//1660 1907//1660 
f 1422//1660 1950//1660 1951//1660 
f 1929//1660 1917//1660 1422//1660 
f 1931//1660 1952//1660 1422//1660 
f 1933//1660 1953//1660 1420//1660 
f 1936//1660 1934//1660 1420//1660 
f 1420//1660 1954//1660 1955//1660 
f 1912//1660 1937//1660 1419//1660 
f 1939//1660 1956//1660 1419//1660 
f 1419//1660 1420//1660 1957//1660 
f 258//1660 1399//1660 1400//1660 
f 1390//1660 1391//1660 286//1660 
f 280//1660 282//1660 1398//1660 
f 1401//1660 1824//1660 252//1660 
f 1824//1660 238//1660 240//1660 
f 218//1660 1843//1660 1844//1660 
f 220//1660 1842//1660 1843//1660 
f 220//1660 1838//1660 1839//1660 
f 220//1660 1835//1660 1836//1660 
f 220//1660 1832//1660 1833//1660 
f 220//1660 1824//1660 1825//1660 
f 218//1660 1853//1660 1854//1660 
f 1849//1660 1850//1660 218//1660 
f 1846//1660 1847//1660 218//1660 
f 1870//1660 1871//1660 214//1660 
f 1866//1660 1867//1660 214//1660 
f 214//1660 1861//1660 1862//1660 
f 1887//1660 1888//1660 212//1660 
f 1877//1660 1878//1660 212//1660 
f 212//1660 214//1660 1872//1660 
f 1020//1660 156//1660 158//1660 
f 152//1660 154//1660 1020//1660 
f 12//1660 14//1660 1383//1660 
f 1018//1660 1335//1660 1336//1660 
f 1018//1660 1332//1660 1333//1660 
f 1318//1660 1319//1660 1017//1660 
f 1314//1660 1313//1660 1017//1660 
f 1024//1660 1454//1660 1455//1660 
f 1451//1660 1452//1660 1024//1660 
f 1023//1660 1439//1660 1440//1660 
f 1941//1660 1435//1660 1023//1660 
f 1941//1660 1432//1660 1433//1660 
f 1942//1660 1422//1660 1423//1660 
f 1423//1660 1958//1660 1959//1660 
f 1924//1660 1945//1660 1423//1660 
f 1916//1660 1948//1660 1423//1660 
f 1960//1660 1961//1660 1421//1660 
f 1422//1660 1962//1660 1963//1660 
f 1951//1660 1964//1660 1422//1660 
f 1952//1660 1928//1660 1422//1660 
f 1935//1660 1932//1660 1420//1660 
f 1955//1660 1965//1660 1420//1660 
f 1420//1660 1421//1660 1961//1660 
f 1921//1660 1966//1660 1419//1660 
f 1956//1660 1967//1660 1419//1660 
f 1419//1660 1968//1660 1969//1660 
f 1957//1660 1970//1660 1419//1660 
f 1824//1660 1407//1660 1408//1660 
f 1824//1660 1405//1660 1406//1660 
f 1824//1660 1403//1660 1404//1660 
f 258//1660 1398//1660 1399//1660 
f 1397//1660 1398//1660 282//1660 
f 252//1660 254//1660 1401//1660 
f 1824//1660 246//1660 248//1660 
f 240//1660 242//1660 1824//1660 
f 1843//1660 218//1660 220//1660 
f 220//1660 1840//1660 1841//1660 
f 1837//1660 1838//1660 220//1660 
f 1831//1660 1832//1660 220//1660 
f 1858//1660 1859//1660 216//1660 
f 218//1660 1856//1660 1857//1660 
f 1854//1660 1855//1660 218//1660 
f 1847//1660 1848//1660 218//1660 
f 1868//1660 1869//1660 214//1660 
f 1862//1660 1863//1660 214//1660 
f 214//1660 216//1660 1859//1660 
f 1891//1660 1892//1660 212//1660 
f 1878//1660 1879//1660 212//1660 
f 212//1660 1874//1660 1875//1660 
f 1872//1660 1873//1660 212//1660 
f 1020//1660 176//1660 178//1660 
f 1020//1660 164//1660 166//1660 
f 154//1660 156//1660 1020//1660 
f 1020//1660 144//1660 146//1660 
f 142//1660 144//1660 1020//1660 
f 16//1660 1382//1660 1383//1660 
f 16//1660 1374//1660 1375//1660 
f 1018//1660 46//1660 48//1660 
f 1018//1660 40//1660 42//1660 
f 1018//1660 1350//1660 1351//1660 
f 1334//1660 1335//1660 1018//1660 
f 1018//1660 1330//1660 1331//1660 
f 1017//1660 1324//1660 1325//1660 
f 1315//1660 1316//1660 1017//1660 
f 1453//1660 1454//1660 1024//1660 
f 1440//1660 1024//1660 1023//1660 
f 1023//1660 1436//1660 1437//1660 
f 1023//1660 1900//1660 1940//1660 
f 1433//1660 1434//1660 1941//1660 
f 1959//1660 1944//1660 1423//1660 
f 1926//1660 1947//1660 1423//1660 
f 1963//1660 1960//1660 1422//1660 
f 1927//1660 1950//1660 1422//1660 
f 1965//1660 1919//1660 1420//1660 
f 1961//1660 1971//1660 1420//1660 
f 1967//1660 1901//1660 1419//1660 
f 1970//1660 1968//1660 1419//1660 
f 1411//1660 1822//1660 1823//1660 
f 1408//1660 1409//1660 1824//1660 
f 1404//1660 1405//1660 1824//1660 
f 10//1660 12//1660 1384//1660 
f 254//1660 256//1660 1401//1660 
f 248//1660 250//1660 1824//1660 
f 242//1660 244//1660 1824//1660 
f 1841//1660 1842//1660 220//1660 
f 1834//1660 1835//1660 220//1660 
f 1857//1660 1858//1660 218//1660 
f 1852//1660 1853//1660 218//1660 
f 1863//1660 1864//1660 214//1660 
f 1859//1660 1860//1660 214//1660 
f 1879//1660 1880//1660 212//1660 
f 1873//1660 1874//1660 212//1660 
f 1894//1660 188//1660 190//1660 
f 1894//1660 184//1660 186//1660 
f 1894//1660 180//1660 182//1660 
f 178//1660 1894//1660 1020//1660 
f 166//1660 168//1660 1020//1660 
f 160//1660 162//1660 1020//1660 
f 1020//1660 1019//1660 142//1660 
f 16//1660 1381//1660 1382//1660 
f 16//1660 1379//1660 1380//1660 
f 16//1660 1377//1660 1378//1660 
f 1375//1660 1376//1660 16//1660 
f 16//1660 1368//1660 1369//1660 
f 1018//1660 44//1660 46//1660 
f 1018//1660 38//1660 40//1660 
f 1018//1660 1349//1660 1350//1660 
f 1018//1660 1338//1660 1339//1660 
f 1331//1660 1332//1660 1018//1660 
f 1018//1660 1328//1660 1329//1660 
f 1018//1660 1326//1660 1327//1660 
f 1325//1660 1018//1660 1017//1660 
f 1455//1660 1456//1660 1024//1660 
f 1440//1660 1441//1660 1024//1660 
f 1437//1660 1438//1660 1023//1660 
f 1434//1660 1435//1660 1941//1660 
f 1946//1660 1958//1660 1423//1660 
f 1964//1660 1962//1660 1422//1660 
f 1971//1660 1954//1660 1420//1660 
f 1969//1660 1938//1660 1419//1660 
f 1821//1660 1972//1660 1973//1660 
f 1414//1660 1415//1660 1972//1660 
f 1412//1660 1821//1660 1822//1660 
f 1823//1660 1410//1660 1411//1660 
f 1406//1660 1407//1660 1824//1660 
f 1824//1660 1401//1660 1402//1660 
f 256//1660 258//1660 1401//1660 
f 244//1660 246//1660 1824//1660 
f 1824//1660 234//1660 236//1660 
f 1824//1660 230//1660 232//1660 
f 1839//1660 1840//1660 220//1660 
f 1855//1660 1856//1660 218//1660 
f 1860//1660 1861//1660 214//1660 
f 1875//1660 1876//1660 212//1660 
f 190//1660 192//1660 1894//1660 
f 182//1660 184//1660 1894//1660 
f 1894//1660 1895//1660 1020//1660 
f 1020//1660 172//1660 174//1660 
f 162//1660 164//1660 1020//1660 
f 146//1660 148//1660 1020//1660 
f 1380//1660 1381//1660 16//1660 
f 1376//1660 1377//1660 16//1660 
f 16//1660 1367//1660 1368//1660 
f 16//1660 1365//1660 1366//1660 
f 16//1660 1353//1660 1354//1660 
f 42//1660 44//1660 1018//1660 
f 1018//1660 34//1660 36//1660 
f 1351//1660 26//1660 1018//1660 
f 1019//1660 122//1660 124//1660 
f 1019//1660 110//1660 112//1660 
f 1019//1660 106//1660 108//1660 
f 1339//1660 1340//1660 1018//1660 
f 1329//1660 1330//1660 1018//1660 
f 1325//1660 1326//1660 1018//1660 
f 1441//1660 1442//1660 1024//1660 
f 1435//1660 1436//1660 1023//1660 
f 1949//1660 1423//1660 1424//1660 
f 1421//1660 1422//1660 1960//1660 
f 1966//1660 1974//1660 1419//1660 
f 1972//1660 1821//1660 1414//1660 
f 1821//1660 1412//1660 1413//1660 
f 1823//1660 1824//1660 1410//1660 
f 1402//1660 1403//1660 1824//1660 
f 250//1660 252//1660 1824//1660 
f 232//1660 234//1660 1824//1660 
f 1824//1660 226//1660 228//1660 
f 1824//1660 220//1660 222//1660 
f 216//1660 218//1660 1858//1660 
f 1892//1660 1893//1660 212//1660 
f 1894//1660 198//1660 200//1660 
f 1894//1660 194//1660 196//1660 
f 186//1660 188//1660 1894//1660 
f 1895//1660 1896//1660 1020//1660 
f 1020//1660 170//1660 172//1660 
f 148//1660 150//1660 1020//1660 
f 1378//1660 1379//1660 16//1660 
f 16//1660 1370//1660 1371//1660 
f 1366//1660 1367//1660 16//1660 
f 16//1660 1363//1660 1364//1660 
f 16//1660 1360//1660 1361//1660 
f 16//1660 1356//1660 1357//1660 
f 1354//1660 1355//1660 16//1660 
f 1018//1660 50//1660 52//1660 
f 36//1660 38//1660 1018//1660 
f 1018//1660 30//1660 32//1660 
f 1018//1660 26//1660 28//1660 
f 1351//1660 22//1660 24//1660 
f 1019//1660 128//1660 130//1660 
f 124//1660 126//1660 1019//1660 
f 108//1660 110//1660 1019//1660 
f 1018//1660 1342//1660 1343//1660 
f 1340//1660 1341//1660 1018//1660 
f 1327//1660 1328//1660 1018//1660 
f 1438//1660 1439//1660 1023//1660 
f 1941//1660 1430//1660 1431//1660 
f 1941//1660 1428//1660 1429//1660 
f 1427//1660 1941//1660 1949//1660 
f 1424//1660 1425//1660 1949//1660 
f 1953//1660 1957//1660 1420//1660 
f 1974//1660 1417//1660 1418//1660 
f 1416//1660 1417//1660 1974//1660 
f 1973//1660 1897//1660 1821//1660 
f 1822//1660 1411//1660 1412//1660 
f 1400//1660 1401//1660 258//1660 
f 228//1660 230//1660 1824//1660 
f 222//1660 224//1660 1824//1660 
f 1871//1660 1872//1660 214//1660 
f 1893//1660 208//1660 210//1660 
f 206//1660 208//1660 1893//1660 
f 1894//1660 202//1660 204//1660 
f 196//1660 198//1660 1894//1660 
f 178//1660 180//1660 1894//1660 
f 168//1660 170//1660 1020//1660 
f 16//1660 1373//1660 1374//1660 
f 1371//1660 1372//1660 16//1660 
f 1364//1660 1365//1660 16//1660 
f 1361//1660 1362//1660 16//1660 
f 1355//1660 1356//1660 16//1660 
f 16//1660 1351//1660 1352//1660 
f 52//1660 54//1660 1018//1660 
f 32//1660 34//1660 1018//1660 
f 1351//1660 24//1660 26//1660 
f 1351//1660 18//1660 20//1660 
f 1019//1660 138//1660 140//1660 
f 126//1660 128//1660 1019//1660 
f 1019//1660 104//1660 106//1660 
f 1019//1660 100//1660 102//1660 
f 1019//1660 94//1660 96//1660 
f 1018//1660 1345//1660 1346//1660 
f 1341//1660 1342//1660 1018//1660 
f 1323//1660 1324//1660 1017//1660 
f 1429//1660 1430//1660 1941//1660 
f 1949//1660 1426//1660 1427//1660 
f 1943//1660 1930//1660 1422//1660 
f 1974//1660 1972//1660 1416//1660 
f 1413//1660 1414//1660 1821//1660 
f 236//1660 238//1660 1824//1660 
f 1844//1660 1845//1660 218//1660 
f 1893//1660 1894//1660 206//1660 
f 200//1660 202//1660 1894//1660 
f 174//1660 176//1660 1020//1660 
f 1372//1660 1373//1660 16//1660 
f 1362//1660 1363//1660 16//1660 
f 16//1660 1358//1660 1359//1660 
f 1352//1660 1353//1660 16//1660 
f 1018//1660 58//1660 60//1660 
f 54//1660 56//1660 1018//1660 
f 28//1660 30//1660 1018//1660 
f 1351//1660 16//1660 18//1660 
f 1019//1660 136//1660 138//1660 
f 130//1660 132//1660 1019//1660 
f 1019//1660 114//1660 116//1660 
f 102//1660 104//1660 1019//1660 
f 96//1660 98//1660 1019//1660 
f 1019//1660 90//1660 92//1660 
f 1021//1660 84//1660 86//1660 
f 1021//1660 80//1660 82//1660 
f 1018//1660 1347//1660 1348//1660 
f 1018//1660 1344//1660 1345//1660 
f 1337//1660 1338//1660 1018//1660 
f 1427//1660 1428//1660 1941//1660 
f 1418//1660 1419//1660 1974//1660 
f 1409//1660 1410//1660 1824//1660 
f 210//1660 212//1660 1893//1660 
f 192//1660 194//1660 1894//1660 
f 1022//1660 64//1660 66//1660 
f 1018//1660 62//1660 64//1660 
f 1369//1660 1370//1660 16//1660 
f 1357//1660 1358//1660 16//1660 
f 56//1660 58//1660 1018//1660 
f 20//1660 22//1660 1351//1660 
f 1019//1660 134//1660 136//1660 
f 1019//1660 120//1660 122//1660 
f 116//1660 118//1660 1019//1660 
f 98//1660 100//1660 1019//1660 
f 1019//1660 88//1660 90//1660 
f 82//1660 84//1660 1021//1660 
f 1021//1660 76//1660 78//1660 
f 1346//1660 1347//1660 1018//1660 
f 1431//1660 1432//1660 1941//1660 
f 1415//1660 1416//1660 1972//1660 
f 204//1660 206//1660 1894//1660 
f 1022//1660 68//1660 70//1660 
f 64//1660 1022//1660 1018//1660 
f 1359//1660 1360//1660 16//1660 
f 48//1660 50//1660 1018//1660 
f 132//1660 134//1660 1019//1660 
f 112//1660 114//1660 1019//1660 
f 1019//1660 86//1660 88//1660 
f 78//1660 80//1660 1021//1660 
f 1343//1660 1344//1660 1018//1660 
f 224//1660 226//1660 1824//1660 
f 66//1660 68//1660 1022//1660 
f 60//1660 62//1660 1018//1660 
f 118//1660 120//1660 1019//1660 
f 86//1660 1019//1660 1021//1660 
f 1022//1660 72//1660 74//1660 
f 1425//1660 1426//1660 1949//1660 
f 14//1660 16//1660 1383//1660 
f 92//1660 94//1660 1019//1660 
f 74//1660 1021//1660 1022//1660 
f 70//1660 72//1660 1022//1660 
f 74//1660 76//1660 1021//1660 
f 140//1660 142//1660 1019//1660 
f 1348//1660 1349//1660 1018//1660 
o mesh22
f 1975//1660 1604//1660 1605//1660 
f 1898//1660 1975//1660 1609//1660 
f 1975//1660 1607//1660 1608//1660 
f 1605//1660 1606//1660 1975//1660 
f 1976//1660 1729//1660 1730//1660 
f 1977//1660 1728//1660 1729//1660 
f 1898//1660 1611//1660 1612//1660 
f 1609//1660 1610//1660 1898//1660 
f 1606//1660 1607//1660 1975//1660 
f 1975//1660 1601//1660 1603//1660 
f 1978//1660 1743//1660 1744//1660 
f 1979//1660 1742//1660 1743//1660 
f 1980//1660 1741//1660 1742//1660 
f 1981//1660 1740//1660 1741//1660 
f 1982//1660 1738//1660 1739//1660 
f 1983//1660 1737//1660 1738//1660 
f 1984//1660 1732//1660 1733//1660 
f 1985//1660 1731//1660 1732//1660 
f 1986//1660 1730//1660 1731//1660 
f 1729//1660 1976//1660 1977//1660 
f 1610//1660 1611//1660 1898//1660 
f 1603//1660 1604//1660 1975//1660 
f 1987//1660 1744//1660 1602//1660 
f 1743//1660 1978//1660 1979//1660 
f 1741//1660 1980//1660 1981//1660 
f 1988//1660 1739//1660 1740//1660 
f 1738//1660 1982//1660 1983//1660 
f 1989//1660 1735//1660 1736//1660 
f 1990//1660 1734//1660 1735//1660 
f 1732//1660 1984//1660 1985//1660 
f 1730//1660 1986//1660 1976//1660 
f 1991//1660 1992//1660 1689//1660 
f 1992//1660 1993//1660 1688//1660 
f 1994//1660 1668//1660 1669//1660 
f 1899//1660 1898//1660 1637//1660 
f 1608//1660 1609//1660 1975//1660 
f 1602//1660 1975//1660 1987//1660 
f 1742//1660 1979//1660 1980//1660 
f 1739//1660 1988//1660 1982//1660 
f 1995//1660 1736//1660 1737//1660 
f 1735//1660 1989//1660 1990//1660 
f 1996//1660 1733//1660 1734//1660 
f 1731//1660 1985//1660 1986//1660 
f 1688//1660 1689//1660 1992//1660 
f 1993//1660 1997//1660 1687//1660 
f 1997//1660 1998//1660 1686//1660 
f 1998//1660 1999//1660 1685//1660 
f 1999//1660 2000//1660 1684//1660 
f 2000//1660 2001//1660 1683//1660 
f 2001//1660 2002//1660 1682//1660 
f 2002//1660 2003//1660 1681//1660 
f 1669//1660 1670//1660 1994//1660 
f 1899//1660 1642//1660 1643//1660 
f 1899//1660 1640//1660 1641//1660 
f 1899//1660 1638//1660 1639//1660 
f 1898//1660 1636//1660 1637//1660 
f 1898//1660 1619//1660 1620//1660 
f 1898//1660 1615//1660 1616//1660 
f 1602//1660 1601//1660 1975//1660 
f 1740//1660 1981//1660 1988//1660 
f 1736//1660 1995//1660 1989//1660 
f 1733//1660 1996//1660 1984//1660 
f 2004//1660 1726//1660 1727//1660 
f 2005//1660 1725//1660 1726//1660 
f 2006//1660 2007//1660 1692//1660 
f 2007//1660 2008//1660 1691//1660 
f 1687//1660 1688//1660 1993//1660 
f 1685//1660 1686//1660 1998//1660 
f 1683//1660 1684//1660 2000//1660 
f 1681//1660 1682//1660 2002//1660 
f 2003//1660 2009//1660 1680//1660 
f 2009//1660 2010//1660 1679//1660 
f 2011//1660 2012//1660 1677//1660 
f 2012//1660 2013//1660 1676//1660 
f 2013//1660 2014//1660 1675//1660 
f 2014//1660 2015//1660 1674//1660 
f 2015//1660 1994//1660 1673//1660 
f 1994//1660 1671//1660 1672//1660 
f 1994//1660 1667//1660 1668//1660 
f 1994//1660 1665//1660 1666//1660 
f 1899//1660 1664//1660 1665//1660 
f 1899//1660 1657//1660 1658//1660 
f 1899//1660 1653//1660 1654//1660 
f 1641//1660 1642//1660 1899//1660 
f 1637//1660 1638//1660 1899//1660 
f 1898//1660 1634//1660 1635//1660 
f 1898//1660 1632//1660 1633//1660 
f 1898//1660 1630//1660 1631//1660 
f 1898//1660 1618//1660 1619//1660 
f 1616//1660 1617//1660 1898//1660 
f 1744//1660 1987//1660 1978//1660 
f 1734//1660 1990//1660 1996//1660 
f 2016//1660 1727//1660 1728//1660 
f 1726//1660 2004//1660 2005//1660 
f 2017//1660 1715//1660 1716//1660 
f 2018//1660 1714//1660 1715//1660 
f 2019//1660 1713//1660 1714//1660 
f 2020//1660 1712//1660 1713//1660 
f 2021//1660 1711//1660 1712//1660 
f 2022//1660 1710//1660 1711//1660 
f 2023//1660 1709//1660 1710//1660 
f 1691//1660 1692//1660 2007//1660 
f 2008//1660 1991//1660 1690//1660 
f 1686//1660 1687//1660 1997//1660 
f 1682//1660 1683//1660 2001//1660 
f 1679//1660 1680//1660 2009//1660 
f 2010//1660 2011//1660 1678//1660 
f 1676//1660 1677//1660 2012//1660 
f 1674//1660 1675//1660 2014//1660 
f 1672//1660 1673//1660 1994//1660 
f 1666//1660 1667//1660 1994//1660 
f 1899//1660 1663//1660 1664//1660 
f 1899//1660 1661//1660 1662//1660 
f 1899//1660 1656//1660 1657//1660 
f 1654//1660 1655//1660 1899//1660 
f 1899//1660 1647//1660 1648//1660 
f 1643//1660 1644//1660 1899//1660 
f 1635//1660 1636//1660 1898//1660 
f 1631//1660 1632//1660 1898//1660 
f 1617//1660 1618//1660 1898//1660 
f 1898//1660 1613//1660 1614//1660 
f 1737//1660 1983//1660 1995//1660 
f 1727//1660 2016//1660 2004//1660 
f 2024//1660 1721//1660 1722//1660 
f 2025//1660 1720//1660 1721//1660 
f 2026//1660 1719//1660 1720//1660 
f 2027//1660 1718//1660 1719//1660 
f 1715//1660 2017//1660 2018//1660 
f 1713//1660 2019//1660 2020//1660 
f 1711//1660 2021//1660 2022//1660 
f 1710//1660 2022//1660 2023//1660 
f 2028//1660 2029//1660 1705//1660 
f 2029//1660 2030//1660 1704//1660 
f 2030//1660 2031//1660 1703//1660 
f 2031//1660 2032//1660 1702//1660 
f 2033//1660 2034//1660 1699//1660 
f 2034//1660 2035//1660 1698//1660 
f 2035//1660 2036//1660 1697//1660 
f 2036//1660 2037//1660 1696//1660 
f 1690//1660 1691//1660 2008//1660 
f 1684//1660 1685//1660 1999//1660 
f 1678//1660 1679//1660 2010//1660 
f 1675//1660 1676//1660 2013//1660 
f 1670//1660 1671//1660 1994//1660 
f 1662//1660 1663//1660 1899//1660 
f 1899//1660 1659//1660 1660//1660 
f 1655//1660 1656//1660 1899//1660 
f 1899//1660 1649//1660 1650//1660 
f 1899//1660 1646//1660 1647//1660 
f 1639//1660 1640//1660 1899//1660 
f 1898//1660 1629//1660 1630//1660 
f 1898//1660 1625//1660 1626//1660 
f 1898//1660 1623//1660 1624//1660 
f 1898//1660 1621//1660 1622//1660 
f 1614//1660 1615//1660 1898//1660 
f 1728//1660 1977//1660 2016//1660 
f 2038//1660 1722//1660 1723//1660 
f 1721//1660 2024//1660 2025//1660 
f 1719//1660 2026//1660 2027//1660 
f 2039//1660 1717//1660 1718//1660 
f 1714//1660 2018//1660 2019//1660 
f 2023//1660 2040//1660 1709//1660 
f 2041//1660 2042//1660 1707//1660 
f 2042//1660 2028//1660 1706//1660 
f 1704//1660 1705//1660 2029//1660 
f 1702//1660 1703//1660 2031//1660 
f 2043//1660 2033//1660 1700//1660 
f 1698//1660 1699//1660 2034//1660 
f 1696//1660 1697//1660 2036//1660 
f 2037//1660 2044//1660 1695//1660 
f 2044//1660 2045//1660 1694//1660 
f 2045//1660 2006//1660 1693//1660 
f 1689//1660 1690//1660 1991//1660 
f 1677//1660 1678//1660 2011//1660 
f 1665//1660 1994//1660 1899//1660 
f 1658//1660 1659//1660 1899//1660 
f 1650//1660 1651//1660 1899//1660 
f 1899//1660 1645//1660 1646//1660 
f 1633//1660 1634//1660 1898//1660 
f 1626//1660 1627//1660 1898//1660 
f 1622//1660 1623//1660 1898//1660 
f 1612//1660 1613//1660 1898//1660 
f 2046//1660 1724//1660 1725//1660 
f 2047//1660 1723//1660 1724//1660 
f 1722//1660 2038//1660 2024//1660 
f 1718//1660 2027//1660 2039//1660 
f 2048//1660 1716//1660 1717//1660 
f 1712//1660 2020//1660 2021//1660 
f 2040//1660 2041//1660 1708//1660 
f 1706//1660 1707//1660 2042//1660 
f 1703//1660 1704//1660 2030//1660 
f 2032//1660 2043//1660 1701//1660 
f 1699//1660 1700//1660 2033//1660 
f 1695//1660 1696//1660 2037//1660 
f 1693//1660 1694//1660 2045//1660 
f 1680//1660 1681//1660 2003//1660 
f 1660//1660 1661//1660 1899//1660 
f 1651//1660 1652//1660 1899//1660 
f 1644//1660 1645//1660 1899//1660 
f 1627//1660 1628//1660 1898//1660 
f 1620//1660 1621//1660 1898//1660 
f 1724//1660 2046//1660 2047//1660 
f 1720//1660 2025//1660 2026//1660 
f 1716//1660 2048//1660 2017//1660 
f 1707//1660 1708//1660 2041//1660 
f 1701//1660 1702//1660 2032//1660 
f 1697//1660 1698//1660 2035//1660 
f 1692//1660 1693//1660 2006//1660 
f 1652//1660 1653//1660 1899//1660 
f 1628//1660 1629//1660 1898//1660 
f 1725//1660 2005//1660 2046//1660 
f 1717//1660 2039//1660 2048//1660 
f 1705//1660 1706//1660 2028//1660 
f 1694//1660 1695//1660 2044//1660 
f 1648//1660 1649//1660 1899//1660 
f 1723//1660 2047//1660 2038//1660 
f 1700//1660 1701//1660 2043//1660 
f 1624//1660 1625//1660 1898//1660 
f 1673//1660 1674//1660 2015//1660 
f 1708//1660 1709//1660 2040//1660 
o mesh23
f 1900//1661 1899//1661 1994//1661 
f 1994//1661 1940//1661 1900//1661 
o mesh24
f 1941//1662 1940//1661 1994//1661 
f 1949//1663 1941//1662 2015//1662 
f 1907//1664 1949//1663 2014//1663 
f 1908//1665 1907//1664 2013//1664 
f 1905//1666 1908//1665 2012//1665 
f 1906//1667 1905//1666 2011//1666 
f 1903//1668 1906//1667 2010//1667 
f 1904//1669 1903//1668 2009//1668 
f 1916//1670 1904//1669 2003//1669 
f 1948//1671 1916//1670 2002//1670 
f 1925//1672 1948//1671 2001//1671 
f 1926//1673 1925//1672 2000//1672 
f 1947//1674 1926//1673 1999//1673 
f 1923//1675 1947//1674 1998//1674 
f 1924//1676 1923//1675 1997//1675 
f 1945//1677 1924//1676 1993//1676 
f 1946//1678 1945//1677 1992//1677 
f 1958//1679 1946//1678 1991//1678 
f 1959//1680 1958//1679 2008//1679 
f 1944//1681 1959//1680 2007//1680 
f 1942//1682 1944//1681 2006//1681 
f 1943//1683 1942//1682 2045//1682 
f 1930//1684 1943//1683 2044//1683 
f 1931//1685 1930//1684 2037//1684 
f 1952//1686 1931//1685 2036//1685 
f 1928//1687 1952//1686 2035//1686 
f 1929//1688 1928//1687 2034//1687 
f 1917//1689 1929//1688 2033//1688 
f 1918//1690 1917//1689 2043//1689 
f 1927//1691 1918//1690 2032//1690 
f 1950//1692 1927//1691 2031//1691 
f 1951//1693 1950//1692 2030//1692 
f 1964//1694 1951//1693 2029//1693 
f 1962//1695 1964//1694 2028//1694 
f 1963//1696 1962//1695 2042//1695 
f 1960//1697 1963//1696 2041//1696 
f 1961//1698 1960//1697 2040//1697 
f 1971//1699 1961//1698 2023//1698 
f 1954//1700 1971//1699 2022//1699 
f 1955//1701 1954//1700 2021//1700 
f 1965//1702 1955//1701 2020//1701 
f 1919//1703 1965//1702 2019//1702 
f 1920//1704 1919//1703 2018//1703 
f 1936//1705 1920//1704 2017//1704 
f 1934//1706 1936//1705 2048//1705 
f 1935//1707 1934//1706 2039//1706 
f 1932//1708 1935//1707 2027//1707 
f 1933//1709 1932//1708 2026//1708 
f 1953//1710 1933//1709 2025//1709 
f 1957//1711 1953//1710 2024//1710 
f 1970//1712 1957//1711 2038//1711 
f 1968//1713 1970//1712 2047//1712 
f 1969//1714 1968//1713 2046//1713 
f 1938//1715 1969//1714 2005//1714 
f 1939//1716 1938//1715 2004//1715 
f 1956//1717 1939//1716 2016//1716 
f 1967//1718 1956//1717 1977//1717 
f 1901//1719 1967//1718 1976//1718 
f 1902//1720 1901//1719 1986//1719 
f 1915//1721 1902//1720 1985//1720 
f 1913//1722 1915//1721 1984//1721 
f 1914//1723 1913//1722 1996//1722 
f 1922//1724 1914//1723 1990//1723 
f 1911//1725 1922//1724 1989//1724 
f 1912//1726 1911//1725 1995//1725 
f 1937//1727 1912//1726 1983//1726 
f 1909//1728 1937//1727 1982//1727 
f 1910//1729 1909//1728 1988//1728 
f 1921//1730 1910//1729 1981//1729 
f 1966//1731 1921//1730 1980//1730 
f 1974//1732 1966//1731 1979//1731 
f 1972//1733 1974//1732 1978//1732 
f 1973//1734 1972//1733 1987//1733 
f 1987//1733 1975//1734 1973//1734 
f 1978//1732 1987//1733 1972//1733 
f 1979//1731 1978//1732 1974//1732 
f 1980//1730 1979//1731 1966//1731 
f 1981//1729 1980//1730 1921//1730 
f 1988//1728 1981//1729 1910//1729 
f 1982//1727 1988//1728 1909//1728 
f 1983//1726 1982//1727 1937//1727 
f 1995//1725 1983//1726 1912//1726 
f 1989//1724 1995//1725 1911//1725 
f 1990//1723 1989//1724 1922//1724 
f 1996//1722 1990//1723 1914//1723 
f 1984//1721 1996//1722 1913//1722 
f 1985//1720 1984//1721 1915//1721 
f 1986//1719 1985//1720 1902//1720 
f 1976//1718 1986//1719 1901//1719 
f 1977//1717 1976//1718 1967//1718 
f 2016//1716 1977//1717 1956//1717 
f 2004//1715 2016//1716 1939//1716 
f 2005//1714 2004//1715 1938//1715 
f 2046//1713 2005//1714 1969//1714 
f 2047//1712 2046//1713 1968//1713 
f 2038//1711 2047//1712 1970//1712 
f 2024//1710 2038//1711 1957//1711 
f 2025//1709 2024//1710 1953//1710 
f 2026//1708 2025//1709 1933//1709 
f 2027//1707 2026//1708 1932//1708 
f 2039//1706 2027//1707 1935//1707 
f 2048//1705 2039//1706 1934//1706 
f 2017//1704 2048//1705 1936//1705 
f 2018//1703 2017//1704 1920//1704 
f 2019//1702 2018//1703 1919//1703 
f 2020//1701 2019//1702 1965//1702 
f 2021//1700 2020//1701 1955//1701 
f 2022//1699 2021//1700 1954//1700 
f 2023//1698 2022//1699 1971//1699 
f 2040//1697 2023//1698 1961//1698 
f 2041//1696 2040//1697 1960//1697 
f 2042//1695 2041//1696 1963//1696 
f 2028//1694 2042//1695 1962//1695 
f 2029//1693 2028//1694 1964//1694 
f 2030//1692 2029//1693 1951//1693 
f 2031//1691 2030//1692 1950//1692 
f 2032//1690 2031//1691 1927//1691 
f 2043//1689 2032//1690 1918//1690 
f 2033//1688 2043//1689 1917//1689 
f 2034//1687 2033//1688 1929//1688 
f 2035//1686 2034//1687 1928//1687 
f 2036//1685 2035//1686 1952//1686 
f 2037//1684 2036//1685 1931//1685 
f 2044//1683 2037//1684 1930//1684 
f 2045//1682 2044//1683 1943//1683 
f 2006//1681 2045//1682 1942//1682 
f 2007//1680 2006//1681 1944//1681 
f 2008//1679 2007//1680 1959//1680 
f 1991//1678 2008//1679 1958//1679 
f 1992//1677 1991//1678 1946//1678 
f 1993//1676 1992//1677 1945//1677 
f 1997//1675 1993//1676 1924//1676 
f 1998//1674 1997//1675 1923//1675 
f 1999//1673 1998//1674 1947//1674 
f 2000//1672 1999//1673 1926//1673 
f 2001//1671 2000//1672 1925//1672 
f 2002//1670 2001//1671 1948//1671 
f 2003//1669 2002//1670 1916//1670 
f 2009//1668 2003//1669 1904//1669 
f 2010//1667 2009//1668 1903//1668 
f 2011//1666 2010//1667 1906//1667 
f 2012//1665 2011//1666 1905//1666 
f 2013//1664 2012//1665 1908//1665 
f 2014//1663 2013//1664 1907//1664 
f 2015//1662 2014//1663 1949//1663 
f 1994//1661 2015//1662 1941//1662 
o mesh25
f 1897//1734 1973//1734 1975//1734 
f 1975//1734 1898//1734 1897//1734 
